--
-- PostgreSQL database dump
--

-- Dumped from database version 17rc1
-- Dumped by pg_dump version 17rc1

-- Started on 2024-12-15 15:19:29

SET statement_timeout = 0;
SET lock_timeout = 0;
SET idle_in_transaction_session_timeout = 0;
SET transaction_timeout = 0;
SET client_encoding = 'UTF8';
SET standard_conforming_strings = on;
SELECT pg_catalog.set_config('search_path', '', false);
SET check_function_bodies = false;
SET xmloption = content;
SET client_min_messages = warning;
SET row_security = off;

SET default_tablespace = '';

SET default_table_access_method = heap;

--
-- TOC entry 238 (class 1259 OID 17313)
-- Name: app_cooler; Type: TABLE; Schema: public; Owner: postgres
--

CREATE TABLE public.app_cooler (
    peca_ptr_id bigint NOT NULL,
    tipo character varying(50) NOT NULL,
    tamanho character varying(50) NOT NULL
);


ALTER TABLE public.app_cooler OWNER TO postgres;

--
-- TOC entry 239 (class 1259 OID 17318)
-- Name: app_cpu; Type: TABLE; Schema: public; Owner: postgres
--

CREATE TABLE public.app_cpu (
    peca_ptr_id bigint NOT NULL,
    nucleos integer NOT NULL,
    clock double precision NOT NULL,
    socket character varying(100)
);


ALTER TABLE public.app_cpu OWNER TO postgres;

--
-- TOC entry 240 (class 1259 OID 17323)
-- Name: app_fontealimentacao; Type: TABLE; Schema: public; Owner: postgres
--

CREATE TABLE public.app_fontealimentacao (
    peca_ptr_id bigint NOT NULL,
    potencia integer NOT NULL
);


ALTER TABLE public.app_fontealimentacao OWNER TO postgres;

--
-- TOC entry 241 (class 1259 OID 17328)
-- Name: app_gabinete; Type: TABLE; Schema: public; Owner: postgres
--

CREATE TABLE public.app_gabinete (
    peca_ptr_id bigint NOT NULL,
    tipo character varying(50) NOT NULL,
    compatibilidade character varying(100) NOT NULL
);


ALTER TABLE public.app_gabinete OWNER TO postgres;

--
-- TOC entry 242 (class 1259 OID 17333)
-- Name: app_gpu; Type: TABLE; Schema: public; Owner: postgres
--

CREATE TABLE public.app_gpu (
    peca_ptr_id bigint NOT NULL,
    memoria integer NOT NULL,
    clock integer NOT NULL
);


ALTER TABLE public.app_gpu OWNER TO postgres;

--
-- TOC entry 243 (class 1259 OID 17338)
-- Name: app_hd; Type: TABLE; Schema: public; Owner: postgres
--

CREATE TABLE public.app_hd (
    peca_ptr_id bigint NOT NULL,
    armazenamento integer NOT NULL,
    velocidade integer NOT NULL
);


ALTER TABLE public.app_hd OWNER TO postgres;

--
-- TOC entry 237 (class 1259 OID 17308)
-- Name: app_peca; Type: TABLE; Schema: public; Owner: postgres
--

CREATE TABLE public.app_peca (
    id bigint NOT NULL,
    nome character varying(100) NOT NULL,
    preco numeric(10,2) NOT NULL,
    tdp integer NOT NULL
);


ALTER TABLE public.app_peca OWNER TO postgres;

--
-- TOC entry 236 (class 1259 OID 17307)
-- Name: app_peca_id_seq; Type: SEQUENCE; Schema: public; Owner: postgres
--

ALTER TABLE public.app_peca ALTER COLUMN id ADD GENERATED BY DEFAULT AS IDENTITY (
    SEQUENCE NAME public.app_peca_id_seq
    START WITH 1
    INCREMENT BY 1
    NO MINVALUE
    NO MAXVALUE
    CACHE 1
);


--
-- TOC entry 244 (class 1259 OID 17343)
-- Name: app_placamae; Type: TABLE; Schema: public; Owner: postgres
--

CREATE TABLE public.app_placamae (
    peca_ptr_id bigint NOT NULL,
    formato character varying(50) NOT NULL,
    socket character varying(100) NOT NULL
);


ALTER TABLE public.app_placamae OWNER TO postgres;

--
-- TOC entry 245 (class 1259 OID 17348)
-- Name: app_ram; Type: TABLE; Schema: public; Owner: postgres
--

CREATE TABLE public.app_ram (
    peca_ptr_id bigint NOT NULL,
    gb integer NOT NULL,
    mhz integer NOT NULL
);


ALTER TABLE public.app_ram OWNER TO postgres;

--
-- TOC entry 249 (class 1259 OID 17364)
-- Name: app_setup; Type: TABLE; Schema: public; Owner: postgres
--

CREATE TABLE public.app_setup (
    id bigint NOT NULL,
    nome character varying(100) NOT NULL,
    preco numeric(10,2) NOT NULL,
    user_id integer NOT NULL,
    tdp_total integer NOT NULL
);


ALTER TABLE public.app_setup OWNER TO postgres;

--
-- TOC entry 248 (class 1259 OID 17363)
-- Name: app_setup_id_seq; Type: SEQUENCE; Schema: public; Owner: postgres
--

ALTER TABLE public.app_setup ALTER COLUMN id ADD GENERATED BY DEFAULT AS IDENTITY (
    SEQUENCE NAME public.app_setup_id_seq
    START WITH 1
    INCREMENT BY 1
    NO MINVALUE
    NO MAXVALUE
    CACHE 1
);


--
-- TOC entry 251 (class 1259 OID 17370)
-- Name: app_setup_pecas; Type: TABLE; Schema: public; Owner: postgres
--

CREATE TABLE public.app_setup_pecas (
    id bigint NOT NULL,
    setup_id bigint NOT NULL,
    peca_id bigint NOT NULL
);


ALTER TABLE public.app_setup_pecas OWNER TO postgres;

--
-- TOC entry 250 (class 1259 OID 17369)
-- Name: app_setup_pecas_id_seq; Type: SEQUENCE; Schema: public; Owner: postgres
--

ALTER TABLE public.app_setup_pecas ALTER COLUMN id ADD GENERATED BY DEFAULT AS IDENTITY (
    SEQUENCE NAME public.app_setup_pecas_id_seq
    START WITH 1
    INCREMENT BY 1
    NO MINVALUE
    NO MAXVALUE
    CACHE 1
);


--
-- TOC entry 246 (class 1259 OID 17353)
-- Name: app_ssd; Type: TABLE; Schema: public; Owner: postgres
--

CREATE TABLE public.app_ssd (
    peca_ptr_id bigint NOT NULL,
    armazenamento integer NOT NULL,
    velocidade integer NOT NULL
);


ALTER TABLE public.app_ssd OWNER TO postgres;

--
-- TOC entry 247 (class 1259 OID 17358)
-- Name: app_ventoinha; Type: TABLE; Schema: public; Owner: postgres
--

CREATE TABLE public.app_ventoinha (
    peca_ptr_id bigint NOT NULL,
    tamanho integer NOT NULL,
    rpm integer NOT NULL
);


ALTER TABLE public.app_ventoinha OWNER TO postgres;

--
-- TOC entry 224 (class 1259 OID 17184)
-- Name: auth_group; Type: TABLE; Schema: public; Owner: postgres
--

CREATE TABLE public.auth_group (
    id integer NOT NULL,
    name character varying(150) NOT NULL
);


ALTER TABLE public.auth_group OWNER TO postgres;

--
-- TOC entry 223 (class 1259 OID 17183)
-- Name: auth_group_id_seq; Type: SEQUENCE; Schema: public; Owner: postgres
--

ALTER TABLE public.auth_group ALTER COLUMN id ADD GENERATED BY DEFAULT AS IDENTITY (
    SEQUENCE NAME public.auth_group_id_seq
    START WITH 1
    INCREMENT BY 1
    NO MINVALUE
    NO MAXVALUE
    CACHE 1
);


--
-- TOC entry 226 (class 1259 OID 17192)
-- Name: auth_group_permissions; Type: TABLE; Schema: public; Owner: postgres
--

CREATE TABLE public.auth_group_permissions (
    id bigint NOT NULL,
    group_id integer NOT NULL,
    permission_id integer NOT NULL
);


ALTER TABLE public.auth_group_permissions OWNER TO postgres;

--
-- TOC entry 225 (class 1259 OID 17191)
-- Name: auth_group_permissions_id_seq; Type: SEQUENCE; Schema: public; Owner: postgres
--

ALTER TABLE public.auth_group_permissions ALTER COLUMN id ADD GENERATED BY DEFAULT AS IDENTITY (
    SEQUENCE NAME public.auth_group_permissions_id_seq
    START WITH 1
    INCREMENT BY 1
    NO MINVALUE
    NO MAXVALUE
    CACHE 1
);


--
-- TOC entry 222 (class 1259 OID 17178)
-- Name: auth_permission; Type: TABLE; Schema: public; Owner: postgres
--

CREATE TABLE public.auth_permission (
    id integer NOT NULL,
    name character varying(255) NOT NULL,
    content_type_id integer NOT NULL,
    codename character varying(100) NOT NULL
);


ALTER TABLE public.auth_permission OWNER TO postgres;

--
-- TOC entry 221 (class 1259 OID 17177)
-- Name: auth_permission_id_seq; Type: SEQUENCE; Schema: public; Owner: postgres
--

ALTER TABLE public.auth_permission ALTER COLUMN id ADD GENERATED BY DEFAULT AS IDENTITY (
    SEQUENCE NAME public.auth_permission_id_seq
    START WITH 1
    INCREMENT BY 1
    NO MINVALUE
    NO MAXVALUE
    CACHE 1
);


--
-- TOC entry 228 (class 1259 OID 17198)
-- Name: auth_user; Type: TABLE; Schema: public; Owner: postgres
--

CREATE TABLE public.auth_user (
    id integer NOT NULL,
    password character varying(128) NOT NULL,
    last_login timestamp with time zone,
    is_superuser boolean NOT NULL,
    username character varying(150) NOT NULL,
    first_name character varying(150) NOT NULL,
    last_name character varying(150) NOT NULL,
    email character varying(254) NOT NULL,
    is_staff boolean NOT NULL,
    is_active boolean NOT NULL,
    date_joined timestamp with time zone NOT NULL
);


ALTER TABLE public.auth_user OWNER TO postgres;

--
-- TOC entry 230 (class 1259 OID 17206)
-- Name: auth_user_groups; Type: TABLE; Schema: public; Owner: postgres
--

CREATE TABLE public.auth_user_groups (
    id bigint NOT NULL,
    user_id integer NOT NULL,
    group_id integer NOT NULL
);


ALTER TABLE public.auth_user_groups OWNER TO postgres;

--
-- TOC entry 229 (class 1259 OID 17205)
-- Name: auth_user_groups_id_seq; Type: SEQUENCE; Schema: public; Owner: postgres
--

ALTER TABLE public.auth_user_groups ALTER COLUMN id ADD GENERATED BY DEFAULT AS IDENTITY (
    SEQUENCE NAME public.auth_user_groups_id_seq
    START WITH 1
    INCREMENT BY 1
    NO MINVALUE
    NO MAXVALUE
    CACHE 1
);


--
-- TOC entry 227 (class 1259 OID 17197)
-- Name: auth_user_id_seq; Type: SEQUENCE; Schema: public; Owner: postgres
--

ALTER TABLE public.auth_user ALTER COLUMN id ADD GENERATED BY DEFAULT AS IDENTITY (
    SEQUENCE NAME public.auth_user_id_seq
    START WITH 1
    INCREMENT BY 1
    NO MINVALUE
    NO MAXVALUE
    CACHE 1
);


--
-- TOC entry 232 (class 1259 OID 17212)
-- Name: auth_user_user_permissions; Type: TABLE; Schema: public; Owner: postgres
--

CREATE TABLE public.auth_user_user_permissions (
    id bigint NOT NULL,
    user_id integer NOT NULL,
    permission_id integer NOT NULL
);


ALTER TABLE public.auth_user_user_permissions OWNER TO postgres;

--
-- TOC entry 231 (class 1259 OID 17211)
-- Name: auth_user_user_permissions_id_seq; Type: SEQUENCE; Schema: public; Owner: postgres
--

ALTER TABLE public.auth_user_user_permissions ALTER COLUMN id ADD GENERATED BY DEFAULT AS IDENTITY (
    SEQUENCE NAME public.auth_user_user_permissions_id_seq
    START WITH 1
    INCREMENT BY 1
    NO MINVALUE
    NO MAXVALUE
    CACHE 1
);


--
-- TOC entry 234 (class 1259 OID 17270)
-- Name: django_admin_log; Type: TABLE; Schema: public; Owner: postgres
--

CREATE TABLE public.django_admin_log (
    id integer NOT NULL,
    action_time timestamp with time zone NOT NULL,
    object_id text,
    object_repr character varying(200) NOT NULL,
    action_flag smallint NOT NULL,
    change_message text NOT NULL,
    content_type_id integer,
    user_id integer NOT NULL,
    CONSTRAINT django_admin_log_action_flag_check CHECK ((action_flag >= 0))
);


ALTER TABLE public.django_admin_log OWNER TO postgres;

--
-- TOC entry 233 (class 1259 OID 17269)
-- Name: django_admin_log_id_seq; Type: SEQUENCE; Schema: public; Owner: postgres
--

ALTER TABLE public.django_admin_log ALTER COLUMN id ADD GENERATED BY DEFAULT AS IDENTITY (
    SEQUENCE NAME public.django_admin_log_id_seq
    START WITH 1
    INCREMENT BY 1
    NO MINVALUE
    NO MAXVALUE
    CACHE 1
);


--
-- TOC entry 220 (class 1259 OID 17170)
-- Name: django_content_type; Type: TABLE; Schema: public; Owner: postgres
--

CREATE TABLE public.django_content_type (
    id integer NOT NULL,
    app_label character varying(100) NOT NULL,
    model character varying(100) NOT NULL
);


ALTER TABLE public.django_content_type OWNER TO postgres;

--
-- TOC entry 219 (class 1259 OID 17169)
-- Name: django_content_type_id_seq; Type: SEQUENCE; Schema: public; Owner: postgres
--

ALTER TABLE public.django_content_type ALTER COLUMN id ADD GENERATED BY DEFAULT AS IDENTITY (
    SEQUENCE NAME public.django_content_type_id_seq
    START WITH 1
    INCREMENT BY 1
    NO MINVALUE
    NO MAXVALUE
    CACHE 1
);


--
-- TOC entry 218 (class 1259 OID 17162)
-- Name: django_migrations; Type: TABLE; Schema: public; Owner: postgres
--

CREATE TABLE public.django_migrations (
    id bigint NOT NULL,
    app character varying(255) NOT NULL,
    name character varying(255) NOT NULL,
    applied timestamp with time zone NOT NULL
);


ALTER TABLE public.django_migrations OWNER TO postgres;

--
-- TOC entry 217 (class 1259 OID 17161)
-- Name: django_migrations_id_seq; Type: SEQUENCE; Schema: public; Owner: postgres
--

ALTER TABLE public.django_migrations ALTER COLUMN id ADD GENERATED BY DEFAULT AS IDENTITY (
    SEQUENCE NAME public.django_migrations_id_seq
    START WITH 1
    INCREMENT BY 1
    NO MINVALUE
    NO MAXVALUE
    CACHE 1
);


--
-- TOC entry 235 (class 1259 OID 17298)
-- Name: django_session; Type: TABLE; Schema: public; Owner: postgres
--

CREATE TABLE public.django_session (
    session_key character varying(40) NOT NULL,
    session_data text NOT NULL,
    expire_date timestamp with time zone NOT NULL
);


ALTER TABLE public.django_session OWNER TO postgres;

--
-- TOC entry 5061 (class 0 OID 17313)
-- Dependencies: 238
-- Data for Name: app_cooler; Type: TABLE DATA; Schema: public; Owner: postgres
--

INSERT INTO public.app_cooler (peca_ptr_id, tipo, tamanho) VALUES (106, 'Ar', '120mm');
INSERT INTO public.app_cooler (peca_ptr_id, tipo, tamanho) VALUES (107, 'Ar', '140mm');
INSERT INTO public.app_cooler (peca_ptr_id, tipo, tamanho) VALUES (108, 'Líquido', '240mm');
INSERT INTO public.app_cooler (peca_ptr_id, tipo, tamanho) VALUES (109, 'Líquido', '280mm');
INSERT INTO public.app_cooler (peca_ptr_id, tipo, tamanho) VALUES (110, 'Ar', '120mm');
INSERT INTO public.app_cooler (peca_ptr_id, tipo, tamanho) VALUES (111, 'Ar', '120mm');
INSERT INTO public.app_cooler (peca_ptr_id, tipo, tamanho) VALUES (112, 'Líquido', '360mm');
INSERT INTO public.app_cooler (peca_ptr_id, tipo, tamanho) VALUES (113, 'Ar', '120mm');
INSERT INTO public.app_cooler (peca_ptr_id, tipo, tamanho) VALUES (114, 'Líquido', '240mm');
INSERT INTO public.app_cooler (peca_ptr_id, tipo, tamanho) VALUES (115, 'Ar', '120mm');


--
-- TOC entry 5062 (class 0 OID 17318)
-- Dependencies: 239
-- Data for Name: app_cpu; Type: TABLE DATA; Schema: public; Owner: postgres
--

INSERT INTO public.app_cpu (peca_ptr_id, nucleos, clock, socket) VALUES (76, 10, 3.7, 'LGA1200');
INSERT INTO public.app_cpu (peca_ptr_id, nucleos, clock, socket) VALUES (77, 12, 3.7, 'AM4');
INSERT INTO public.app_cpu (peca_ptr_id, nucleos, clock, socket) VALUES (78, 6, 2.9, 'LGA1200');
INSERT INTO public.app_cpu (peca_ptr_id, nucleos, clock, socket) VALUES (79, 8, 3.8, 'AM4');
INSERT INTO public.app_cpu (peca_ptr_id, nucleos, clock, socket) VALUES (80, 8, 3.8, 'LGA1200');
INSERT INTO public.app_cpu (peca_ptr_id, nucleos, clock, socket) VALUES (81, 6, 3.7, 'AM4');
INSERT INTO public.app_cpu (peca_ptr_id, nucleos, clock, socket) VALUES (82, 4, 3.6, 'LGA1200');
INSERT INTO public.app_cpu (peca_ptr_id, nucleos, clock, socket) VALUES (83, 4, 3.8, 'AM4');
INSERT INTO public.app_cpu (peca_ptr_id, nucleos, clock, socket) VALUES (84, 8, 3.5, 'LGA1200');
INSERT INTO public.app_cpu (peca_ptr_id, nucleos, clock, socket) VALUES (85, 16, 3.4, 'AM4');


--
-- TOC entry 5063 (class 0 OID 17323)
-- Dependencies: 240
-- Data for Name: app_fontealimentacao; Type: TABLE DATA; Schema: public; Owner: postgres
--

INSERT INTO public.app_fontealimentacao (peca_ptr_id, potencia) VALUES (86, 750);
INSERT INTO public.app_fontealimentacao (peca_ptr_id, potencia) VALUES (87, 650);
INSERT INTO public.app_fontealimentacao (peca_ptr_id, potencia) VALUES (88, 650);
INSERT INTO public.app_fontealimentacao (peca_ptr_id, potencia) VALUES (89, 750);
INSERT INTO public.app_fontealimentacao (peca_ptr_id, potencia) VALUES (90, 650);
INSERT INTO public.app_fontealimentacao (peca_ptr_id, potencia) VALUES (91, 750);
INSERT INTO public.app_fontealimentacao (peca_ptr_id, potencia) VALUES (92, 650);
INSERT INTO public.app_fontealimentacao (peca_ptr_id, potencia) VALUES (93, 750);
INSERT INTO public.app_fontealimentacao (peca_ptr_id, potencia) VALUES (94, 750);
INSERT INTO public.app_fontealimentacao (peca_ptr_id, potencia) VALUES (95, 750);


--
-- TOC entry 5064 (class 0 OID 17328)
-- Dependencies: 241
-- Data for Name: app_gabinete; Type: TABLE DATA; Schema: public; Owner: postgres
--

INSERT INTO public.app_gabinete (peca_ptr_id, tipo, compatibilidade) VALUES (116, 'Mid Tower', 'ATX, Micro ATX, Mini ITX');
INSERT INTO public.app_gabinete (peca_ptr_id, tipo, compatibilidade) VALUES (117, 'Mid Tower', 'ATX, Micro ATX, Mini ITX');
INSERT INTO public.app_gabinete (peca_ptr_id, tipo, compatibilidade) VALUES (118, 'Mini Tower', 'Micro ATX, Mini ITX');
INSERT INTO public.app_gabinete (peca_ptr_id, tipo, compatibilidade) VALUES (119, 'Mid Tower', 'ATX, Micro ATX, Mini ITX');
INSERT INTO public.app_gabinete (peca_ptr_id, tipo, compatibilidade) VALUES (120, 'Mid Tower', 'ATX, Micro ATX, Mini ITX');
INSERT INTO public.app_gabinete (peca_ptr_id, tipo, compatibilidade) VALUES (121, 'Mid Tower', 'ATX, Micro ATX, Mini ITX');
INSERT INTO public.app_gabinete (peca_ptr_id, tipo, compatibilidade) VALUES (122, 'Mid Tower', 'ATX, Micro ATX, Mini ITX');
INSERT INTO public.app_gabinete (peca_ptr_id, tipo, compatibilidade) VALUES (123, 'Mid Tower', 'ATX, Micro ATX, Mini ITX');
INSERT INTO public.app_gabinete (peca_ptr_id, tipo, compatibilidade) VALUES (124, 'Mid Tower', 'ATX, Micro ATX, Mini ITX');
INSERT INTO public.app_gabinete (peca_ptr_id, tipo, compatibilidade) VALUES (125, 'Full Tower', 'ATX, Micro ATX, Mini ITX');


--
-- TOC entry 5065 (class 0 OID 17333)
-- Dependencies: 242
-- Data for Name: app_gpu; Type: TABLE DATA; Schema: public; Owner: postgres
--

INSERT INTO public.app_gpu (peca_ptr_id, memoria, clock) VALUES (66, 10, 1710);
INSERT INTO public.app_gpu (peca_ptr_id, memoria, clock) VALUES (67, 16, 2250);
INSERT INTO public.app_gpu (peca_ptr_id, memoria, clock) VALUES (68, 6, 1785);
INSERT INTO public.app_gpu (peca_ptr_id, memoria, clock) VALUES (69, 8, 1730);
INSERT INTO public.app_gpu (peca_ptr_id, memoria, clock) VALUES (70, 12, 2424);
INSERT INTO public.app_gpu (peca_ptr_id, memoria, clock) VALUES (71, 8, 1665);
INSERT INTO public.app_gpu (peca_ptr_id, memoria, clock) VALUES (72, 8, 2589);
INSERT INTO public.app_gpu (peca_ptr_id, memoria, clock) VALUES (73, 24, 1695);
INSERT INTO public.app_gpu (peca_ptr_id, memoria, clock) VALUES (74, 16, 2250);
INSERT INTO public.app_gpu (peca_ptr_id, memoria, clock) VALUES (75, 4, 1665);


--
-- TOC entry 5066 (class 0 OID 17338)
-- Dependencies: 243
-- Data for Name: app_hd; Type: TABLE DATA; Schema: public; Owner: postgres
--

INSERT INTO public.app_hd (peca_ptr_id, armazenamento, velocidade) VALUES (46, 1000, 7200);
INSERT INTO public.app_hd (peca_ptr_id, armazenamento, velocidade) VALUES (47, 1000, 7200);
INSERT INTO public.app_hd (peca_ptr_id, armazenamento, velocidade) VALUES (48, 2000, 7200);
INSERT INTO public.app_hd (peca_ptr_id, armazenamento, velocidade) VALUES (49, 2000, 7200);
INSERT INTO public.app_hd (peca_ptr_id, armazenamento, velocidade) VALUES (50, 2000, 7200);
INSERT INTO public.app_hd (peca_ptr_id, armazenamento, velocidade) VALUES (51, 4000, 7200);
INSERT INTO public.app_hd (peca_ptr_id, armazenamento, velocidade) VALUES (52, 4000, 7200);
INSERT INTO public.app_hd (peca_ptr_id, armazenamento, velocidade) VALUES (53, 4000, 5400);
INSERT INTO public.app_hd (peca_ptr_id, armazenamento, velocidade) VALUES (54, 6000, 7200);
INSERT INTO public.app_hd (peca_ptr_id, armazenamento, velocidade) VALUES (55, 6000, 7200);


--
-- TOC entry 5060 (class 0 OID 17308)
-- Dependencies: 237
-- Data for Name: app_peca; Type: TABLE DATA; Schema: public; Owner: postgres
--

INSERT INTO public.app_peca (id, nome, preco, tdp) VALUES (36, 'Corsair Vengeance LPX 16GB', 399.99, 10);
INSERT INTO public.app_peca (id, nome, preco, tdp) VALUES (37, 'G.Skill Trident Z RGB 16GB', 499.99, 12);
INSERT INTO public.app_peca (id, nome, preco, tdp) VALUES (38, 'Kingston HyperX Fury 8GB', 199.99, 8);
INSERT INTO public.app_peca (id, nome, preco, tdp) VALUES (39, 'Crucial Ballistix 16GB', 429.99, 10);
INSERT INTO public.app_peca (id, nome, preco, tdp) VALUES (40, 'Patriot Viper Steel 16GB', 449.99, 10);
INSERT INTO public.app_peca (id, nome, preco, tdp) VALUES (41, 'Team T-Force Delta RGB 16GB', 479.99, 12);
INSERT INTO public.app_peca (id, nome, preco, tdp) VALUES (42, 'ADATA XPG Spectrix D60G 16GB', 459.99, 10);
INSERT INTO public.app_peca (id, nome, preco, tdp) VALUES (43, 'HyperX Predator 16GB', 499.99, 12);
INSERT INTO public.app_peca (id, nome, preco, tdp) VALUES (44, 'G.Skill Ripjaws V 16GB', 399.99, 10);
INSERT INTO public.app_peca (id, nome, preco, tdp) VALUES (45, 'Corsair Dominator Platinum RGB 16GB', 599.99, 12);
INSERT INTO public.app_peca (id, nome, preco, tdp) VALUES (46, 'Seagate Barracuda 1TB', 249.99, 6);
INSERT INTO public.app_peca (id, nome, preco, tdp) VALUES (47, 'Western Digital Blue 1TB', 259.99, 6);
INSERT INTO public.app_peca (id, nome, preco, tdp) VALUES (48, 'Toshiba P300 2TB', 399.99, 8);
INSERT INTO public.app_peca (id, nome, preco, tdp) VALUES (49, 'Seagate FireCuda 2TB', 499.99, 8);
INSERT INTO public.app_peca (id, nome, preco, tdp) VALUES (50, 'Western Digital Black 2TB', 599.99, 8);
INSERT INTO public.app_peca (id, nome, preco, tdp) VALUES (51, 'Toshiba X300 4TB', 799.99, 10);
INSERT INTO public.app_peca (id, nome, preco, tdp) VALUES (52, 'Seagate IronWolf 4TB', 899.99, 10);
INSERT INTO public.app_peca (id, nome, preco, tdp) VALUES (53, 'Western Digital Red 4TB', 999.99, 10);
INSERT INTO public.app_peca (id, nome, preco, tdp) VALUES (54, 'Toshiba N300 6TB', 1299.99, 12);
INSERT INTO public.app_peca (id, nome, preco, tdp) VALUES (55, 'Seagate SkyHawk 6TB', 1399.99, 12);
INSERT INTO public.app_peca (id, nome, preco, tdp) VALUES (56, 'Samsung 970 EVO 500GB', 599.99, 5);
INSERT INTO public.app_peca (id, nome, preco, tdp) VALUES (57, 'Kingston A2000 1TB', 799.99, 5);
INSERT INTO public.app_peca (id, nome, preco, tdp) VALUES (58, 'Crucial MX500 1TB', 749.99, 5);
INSERT INTO public.app_peca (id, nome, preco, tdp) VALUES (59, 'WD Black SN750 1TB', 899.99, 5);
INSERT INTO public.app_peca (id, nome, preco, tdp) VALUES (60, 'Samsung 860 EVO 1TB', 799.99, 5);
INSERT INTO public.app_peca (id, nome, preco, tdp) VALUES (61, 'ADATA XPG SX8200 Pro 1TB', 849.99, 5);
INSERT INTO public.app_peca (id, nome, preco, tdp) VALUES (62, 'Sabrent Rocket 1TB', 899.99, 5);
INSERT INTO public.app_peca (id, nome, preco, tdp) VALUES (63, 'Intel 660p 1TB', 799.99, 5);
INSERT INTO public.app_peca (id, nome, preco, tdp) VALUES (64, 'Corsair MP600 1TB', 999.99, 5);
INSERT INTO public.app_peca (id, nome, preco, tdp) VALUES (65, 'Patriot Viper VPN100 1TB', 899.99, 5);
INSERT INTO public.app_peca (id, nome, preco, tdp) VALUES (66, 'NVIDIA GeForce RTX 3080', 6999.99, 320);
INSERT INTO public.app_peca (id, nome, preco, tdp) VALUES (67, 'AMD Radeon RX 6800 XT', 6499.99, 300);
INSERT INTO public.app_peca (id, nome, preco, tdp) VALUES (68, 'NVIDIA GeForce GTX 1660 Super', 1499.99, 125);
INSERT INTO public.app_peca (id, nome, preco, tdp) VALUES (69, 'NVIDIA GeForce RTX 3070', 4999.99, 220);
INSERT INTO public.app_peca (id, nome, preco, tdp) VALUES (70, 'AMD Radeon RX 6700 XT', 4799.99, 230);
INSERT INTO public.app_peca (id, nome, preco, tdp) VALUES (71, 'NVIDIA GeForce RTX 3060 Ti', 3999.99, 200);
INSERT INTO public.app_peca (id, nome, preco, tdp) VALUES (72, 'AMD Radeon RX 6600 XT', 3799.99, 160);
INSERT INTO public.app_peca (id, nome, preco, tdp) VALUES (73, 'NVIDIA GeForce RTX 3090', 9999.99, 350);
INSERT INTO public.app_peca (id, nome, preco, tdp) VALUES (74, 'AMD Radeon RX 6900 XT', 8999.99, 300);
INSERT INTO public.app_peca (id, nome, preco, tdp) VALUES (75, 'NVIDIA GeForce GTX 1650', 1299.99, 75);
INSERT INTO public.app_peca (id, nome, preco, tdp) VALUES (76, 'Intel Core i9-10900K', 2999.99, 125);
INSERT INTO public.app_peca (id, nome, preco, tdp) VALUES (77, 'AMD Ryzen 9 5900X', 3499.99, 105);
INSERT INTO public.app_peca (id, nome, preco, tdp) VALUES (78, 'Intel Core i5-10400F', 999.99, 65);
INSERT INTO public.app_peca (id, nome, preco, tdp) VALUES (79, 'AMD Ryzen 7 5800X', 2999.99, 105);
INSERT INTO public.app_peca (id, nome, preco, tdp) VALUES (80, 'Intel Core i7-10700K', 2499.99, 125);
INSERT INTO public.app_peca (id, nome, preco, tdp) VALUES (81, 'AMD Ryzen 5 5600X', 1999.99, 65);
INSERT INTO public.app_peca (id, nome, preco, tdp) VALUES (82, 'Intel Core i3-10100F', 699.99, 65);
INSERT INTO public.app_peca (id, nome, preco, tdp) VALUES (83, 'AMD Ryzen 3 3300X', 899.99, 65);
INSERT INTO public.app_peca (id, nome, preco, tdp) VALUES (84, 'Intel Core i9-11900K', 3999.99, 125);
INSERT INTO public.app_peca (id, nome, preco, tdp) VALUES (85, 'AMD Ryzen 9 5950X', 4999.99, 105);
INSERT INTO public.app_peca (id, nome, preco, tdp) VALUES (86, 'Corsair RM750x', 749.99, 0);
INSERT INTO public.app_peca (id, nome, preco, tdp) VALUES (87, 'EVGA SuperNOVA 650 G5', 699.99, 0);
INSERT INTO public.app_peca (id, nome, preco, tdp) VALUES (88, 'Cooler Master MWE Gold 650', 599.99, 0);
INSERT INTO public.app_peca (id, nome, preco, tdp) VALUES (89, 'Seasonic Focus GX-750', 799.99, 0);
INSERT INTO public.app_peca (id, nome, preco, tdp) VALUES (90, 'Corsair CX650M', 499.99, 0);
INSERT INTO public.app_peca (id, nome, preco, tdp) VALUES (91, 'Thermaltake Toughpower GF1 750W', 849.99, 0);
INSERT INTO public.app_peca (id, nome, preco, tdp) VALUES (92, 'NZXT C650', 699.99, 0);
INSERT INTO public.app_peca (id, nome, preco, tdp) VALUES (93, 'Be Quiet! Straight Power 11 750W', 899.99, 0);
INSERT INTO public.app_peca (id, nome, preco, tdp) VALUES (94, 'SilverStone Strider Platinum 750W', 999.99, 0);
INSERT INTO public.app_peca (id, nome, preco, tdp) VALUES (95, 'Antec Earthwatts Gold Pro 750W', 799.99, 0);
INSERT INTO public.app_peca (id, nome, preco, tdp) VALUES (96, 'ASUS ROG Strix Z490-E', 1999.99, 15);
INSERT INTO public.app_peca (id, nome, preco, tdp) VALUES (97, 'MSI MPG B550 Gaming Edge', 1299.99, 15);
INSERT INTO public.app_peca (id, nome, preco, tdp) VALUES (98, 'Gigabyte B450M DS3H', 599.99, 15);
INSERT INTO public.app_peca (id, nome, preco, tdp) VALUES (99, 'ASRock B550M Steel Legend', 899.99, 15);
INSERT INTO public.app_peca (id, nome, preco, tdp) VALUES (100, 'ASUS TUF Gaming B550-PLUS', 1099.99, 15);
INSERT INTO public.app_peca (id, nome, preco, tdp) VALUES (101, 'MSI MAG B550 Tomahawk', 1199.99, 15);
INSERT INTO public.app_peca (id, nome, preco, tdp) VALUES (102, 'Gigabyte Z490 AORUS Elite', 1499.99, 15);
INSERT INTO public.app_peca (id, nome, preco, tdp) VALUES (103, 'ASRock Z490 Phantom Gaming 4', 1299.99, 15);
INSERT INTO public.app_peca (id, nome, preco, tdp) VALUES (104, 'ASUS Prime B450M-A', 499.99, 15);
INSERT INTO public.app_peca (id, nome, preco, tdp) VALUES (105, 'MSI B450 TOMAHAWK MAX', 799.99, 15);
INSERT INTO public.app_peca (id, nome, preco, tdp) VALUES (106, 'Cooler Master Hyper 212', 199.99, 5);
INSERT INTO public.app_peca (id, nome, preco, tdp) VALUES (107, 'Noctua NH-D15', 499.99, 5);
INSERT INTO public.app_peca (id, nome, preco, tdp) VALUES (108, 'Corsair H100i RGB Platinum', 899.99, 5);
INSERT INTO public.app_peca (id, nome, preco, tdp) VALUES (109, 'NZXT Kraken X63', 999.99, 5);
INSERT INTO public.app_peca (id, nome, preco, tdp) VALUES (110, 'Be Quiet! Dark Rock Pro 4', 599.99, 5);
INSERT INTO public.app_peca (id, nome, preco, tdp) VALUES (111, 'Deepcool Gammaxx 400', 149.99, 5);
INSERT INTO public.app_peca (id, nome, preco, tdp) VALUES (112, 'Thermaltake Floe Riing RGB 360', 1299.99, 5);
INSERT INTO public.app_peca (id, nome, preco, tdp) VALUES (113, 'Arctic Freezer 34 eSports DUO', 299.99, 5);
INSERT INTO public.app_peca (id, nome, preco, tdp) VALUES (114, 'Cooler Master MasterLiquid ML240L', 699.99, 5);
INSERT INTO public.app_peca (id, nome, preco, tdp) VALUES (115, 'Noctua NH-U12S', 399.99, 5);
INSERT INTO public.app_peca (id, nome, preco, tdp) VALUES (116, 'NZXT H510', 499.99, 0);
INSERT INTO public.app_peca (id, nome, preco, tdp) VALUES (117, 'Corsair 4000D Airflow', 599.99, 0);
INSERT INTO public.app_peca (id, nome, preco, tdp) VALUES (118, 'Cooler Master MasterBox Q300L', 299.99, 0);
INSERT INTO public.app_peca (id, nome, preco, tdp) VALUES (119, 'Fractal Design Meshify C', 699.99, 0);
INSERT INTO public.app_peca (id, nome, preco, tdp) VALUES (120, 'Phanteks Eclipse P400A', 649.99, 0);
INSERT INTO public.app_peca (id, nome, preco, tdp) VALUES (121, 'Lian Li PC-O11 Dynamic', 899.99, 0);
INSERT INTO public.app_peca (id, nome, preco, tdp) VALUES (122, 'Thermaltake Core P3', 799.99, 0);
INSERT INTO public.app_peca (id, nome, preco, tdp) VALUES (123, 'Be Quiet! Pure Base 500DX', 749.99, 0);
INSERT INTO public.app_peca (id, nome, preco, tdp) VALUES (124, 'Cooler Master H500', 899.99, 0);
INSERT INTO public.app_peca (id, nome, preco, tdp) VALUES (125, 'NZXT H710', 999.99, 0);
INSERT INTO public.app_peca (id, nome, preco, tdp) VALUES (126, 'Noctua NF-A12x25', 149.99, 1);
INSERT INTO public.app_peca (id, nome, preco, tdp) VALUES (127, 'Corsair LL120 RGB', 199.99, 1);
INSERT INTO public.app_peca (id, nome, preco, tdp) VALUES (128, 'Cooler Master SickleFlow 120', 99.99, 1);
INSERT INTO public.app_peca (id, nome, preco, tdp) VALUES (129, 'NZXT Aer RGB 2', 179.99, 1);
INSERT INTO public.app_peca (id, nome, preco, tdp) VALUES (130, 'Be Quiet! Silent Wings 3', 129.99, 1);
INSERT INTO public.app_peca (id, nome, preco, tdp) VALUES (131, 'Thermaltake Riing Plus 12 RGB', 199.99, 1);
INSERT INTO public.app_peca (id, nome, preco, tdp) VALUES (133, 'Phanteks PH-F120MP', 119.99, 1);
INSERT INTO public.app_peca (id, nome, preco, tdp) VALUES (134, 'Deepcool RF120M', 89.99, 1);
INSERT INTO public.app_peca (id, nome, preco, tdp) VALUES (135, 'Antec Prizm 120 ARGB', 109.99, 1);
INSERT INTO public.app_peca (id, nome, preco, tdp) VALUES (132, 'Arctic P12 PWM', 79.99, 1);


--
-- TOC entry 5067 (class 0 OID 17343)
-- Dependencies: 244
-- Data for Name: app_placamae; Type: TABLE DATA; Schema: public; Owner: postgres
--

INSERT INTO public.app_placamae (peca_ptr_id, formato, socket) VALUES (96, 'ATX', 'LGA1200');
INSERT INTO public.app_placamae (peca_ptr_id, formato, socket) VALUES (97, 'ATX', 'AM4');
INSERT INTO public.app_placamae (peca_ptr_id, formato, socket) VALUES (98, 'Micro ATX', 'AM4');
INSERT INTO public.app_placamae (peca_ptr_id, formato, socket) VALUES (99, 'Micro ATX', 'AM4');
INSERT INTO public.app_placamae (peca_ptr_id, formato, socket) VALUES (100, 'ATX', 'AM4');
INSERT INTO public.app_placamae (peca_ptr_id, formato, socket) VALUES (101, 'ATX', 'AM4');
INSERT INTO public.app_placamae (peca_ptr_id, formato, socket) VALUES (102, 'ATX', 'LGA1200');
INSERT INTO public.app_placamae (peca_ptr_id, formato, socket) VALUES (103, 'ATX', 'LGA1200');
INSERT INTO public.app_placamae (peca_ptr_id, formato, socket) VALUES (104, 'Micro ATX', 'AM4');
INSERT INTO public.app_placamae (peca_ptr_id, formato, socket) VALUES (105, 'ATX', 'AM4');


--
-- TOC entry 5068 (class 0 OID 17348)
-- Dependencies: 245
-- Data for Name: app_ram; Type: TABLE DATA; Schema: public; Owner: postgres
--

INSERT INTO public.app_ram (peca_ptr_id, gb, mhz) VALUES (36, 16, 3200);
INSERT INTO public.app_ram (peca_ptr_id, gb, mhz) VALUES (37, 16, 3600);
INSERT INTO public.app_ram (peca_ptr_id, gb, mhz) VALUES (38, 8, 2400);
INSERT INTO public.app_ram (peca_ptr_id, gb, mhz) VALUES (39, 16, 3200);
INSERT INTO public.app_ram (peca_ptr_id, gb, mhz) VALUES (40, 16, 3200);
INSERT INTO public.app_ram (peca_ptr_id, gb, mhz) VALUES (41, 16, 3200);
INSERT INTO public.app_ram (peca_ptr_id, gb, mhz) VALUES (42, 16, 3200);
INSERT INTO public.app_ram (peca_ptr_id, gb, mhz) VALUES (43, 16, 3200);
INSERT INTO public.app_ram (peca_ptr_id, gb, mhz) VALUES (44, 16, 3200);
INSERT INTO public.app_ram (peca_ptr_id, gb, mhz) VALUES (45, 16, 3600);


--
-- TOC entry 5072 (class 0 OID 17364)
-- Dependencies: 249
-- Data for Name: app_setup; Type: TABLE DATA; Schema: public; Owner: postgres
--



--
-- TOC entry 5074 (class 0 OID 17370)
-- Dependencies: 251
-- Data for Name: app_setup_pecas; Type: TABLE DATA; Schema: public; Owner: postgres
--



--
-- TOC entry 5069 (class 0 OID 17353)
-- Dependencies: 246
-- Data for Name: app_ssd; Type: TABLE DATA; Schema: public; Owner: postgres
--

INSERT INTO public.app_ssd (peca_ptr_id, armazenamento, velocidade) VALUES (56, 500, 3500);
INSERT INTO public.app_ssd (peca_ptr_id, armazenamento, velocidade) VALUES (57, 1000, 2200);
INSERT INTO public.app_ssd (peca_ptr_id, armazenamento, velocidade) VALUES (58, 1000, 560);
INSERT INTO public.app_ssd (peca_ptr_id, armazenamento, velocidade) VALUES (59, 1000, 3470);
INSERT INTO public.app_ssd (peca_ptr_id, armazenamento, velocidade) VALUES (60, 1000, 550);
INSERT INTO public.app_ssd (peca_ptr_id, armazenamento, velocidade) VALUES (61, 1000, 3500);
INSERT INTO public.app_ssd (peca_ptr_id, armazenamento, velocidade) VALUES (62, 1000, 3450);
INSERT INTO public.app_ssd (peca_ptr_id, armazenamento, velocidade) VALUES (63, 1000, 1800);
INSERT INTO public.app_ssd (peca_ptr_id, armazenamento, velocidade) VALUES (64, 1000, 4950);
INSERT INTO public.app_ssd (peca_ptr_id, armazenamento, velocidade) VALUES (65, 1000, 3450);


--
-- TOC entry 5070 (class 0 OID 17358)
-- Dependencies: 247
-- Data for Name: app_ventoinha; Type: TABLE DATA; Schema: public; Owner: postgres
--

INSERT INTO public.app_ventoinha (peca_ptr_id, tamanho, rpm) VALUES (126, 120, 2000);
INSERT INTO public.app_ventoinha (peca_ptr_id, tamanho, rpm) VALUES (127, 120, 1500);
INSERT INTO public.app_ventoinha (peca_ptr_id, tamanho, rpm) VALUES (128, 120, 1800);
INSERT INTO public.app_ventoinha (peca_ptr_id, tamanho, rpm) VALUES (129, 120, 1500);
INSERT INTO public.app_ventoinha (peca_ptr_id, tamanho, rpm) VALUES (130, 120, 1450);
INSERT INTO public.app_ventoinha (peca_ptr_id, tamanho, rpm) VALUES (131, 120, 1500);
INSERT INTO public.app_ventoinha (peca_ptr_id, tamanho, rpm) VALUES (133, 120, 1600);
INSERT INTO public.app_ventoinha (peca_ptr_id, tamanho, rpm) VALUES (134, 120, 1500);
INSERT INTO public.app_ventoinha (peca_ptr_id, tamanho, rpm) VALUES (135, 120, 2000);
INSERT INTO public.app_ventoinha (peca_ptr_id, tamanho, rpm) VALUES (132, 120, 1800);


--
-- TOC entry 5047 (class 0 OID 17184)
-- Dependencies: 224
-- Data for Name: auth_group; Type: TABLE DATA; Schema: public; Owner: postgres
--



--
-- TOC entry 5049 (class 0 OID 17192)
-- Dependencies: 226
-- Data for Name: auth_group_permissions; Type: TABLE DATA; Schema: public; Owner: postgres
--



--
-- TOC entry 5045 (class 0 OID 17178)
-- Dependencies: 222
-- Data for Name: auth_permission; Type: TABLE DATA; Schema: public; Owner: postgres
--

INSERT INTO public.auth_permission (id, name, content_type_id, codename) VALUES (1, 'Can add log entry', 1, 'add_logentry');
INSERT INTO public.auth_permission (id, name, content_type_id, codename) VALUES (2, 'Can change log entry', 1, 'change_logentry');
INSERT INTO public.auth_permission (id, name, content_type_id, codename) VALUES (3, 'Can delete log entry', 1, 'delete_logentry');
INSERT INTO public.auth_permission (id, name, content_type_id, codename) VALUES (4, 'Can view log entry', 1, 'view_logentry');
INSERT INTO public.auth_permission (id, name, content_type_id, codename) VALUES (5, 'Can add permission', 2, 'add_permission');
INSERT INTO public.auth_permission (id, name, content_type_id, codename) VALUES (6, 'Can change permission', 2, 'change_permission');
INSERT INTO public.auth_permission (id, name, content_type_id, codename) VALUES (7, 'Can delete permission', 2, 'delete_permission');
INSERT INTO public.auth_permission (id, name, content_type_id, codename) VALUES (8, 'Can view permission', 2, 'view_permission');
INSERT INTO public.auth_permission (id, name, content_type_id, codename) VALUES (9, 'Can add group', 3, 'add_group');
INSERT INTO public.auth_permission (id, name, content_type_id, codename) VALUES (10, 'Can change group', 3, 'change_group');
INSERT INTO public.auth_permission (id, name, content_type_id, codename) VALUES (11, 'Can delete group', 3, 'delete_group');
INSERT INTO public.auth_permission (id, name, content_type_id, codename) VALUES (12, 'Can view group', 3, 'view_group');
INSERT INTO public.auth_permission (id, name, content_type_id, codename) VALUES (13, 'Can add user', 4, 'add_user');
INSERT INTO public.auth_permission (id, name, content_type_id, codename) VALUES (14, 'Can change user', 4, 'change_user');
INSERT INTO public.auth_permission (id, name, content_type_id, codename) VALUES (15, 'Can delete user', 4, 'delete_user');
INSERT INTO public.auth_permission (id, name, content_type_id, codename) VALUES (16, 'Can view user', 4, 'view_user');
INSERT INTO public.auth_permission (id, name, content_type_id, codename) VALUES (17, 'Can add content type', 5, 'add_contenttype');
INSERT INTO public.auth_permission (id, name, content_type_id, codename) VALUES (18, 'Can change content type', 5, 'change_contenttype');
INSERT INTO public.auth_permission (id, name, content_type_id, codename) VALUES (19, 'Can delete content type', 5, 'delete_contenttype');
INSERT INTO public.auth_permission (id, name, content_type_id, codename) VALUES (20, 'Can view content type', 5, 'view_contenttype');
INSERT INTO public.auth_permission (id, name, content_type_id, codename) VALUES (21, 'Can add session', 6, 'add_session');
INSERT INTO public.auth_permission (id, name, content_type_id, codename) VALUES (22, 'Can change session', 6, 'change_session');
INSERT INTO public.auth_permission (id, name, content_type_id, codename) VALUES (23, 'Can delete session', 6, 'delete_session');
INSERT INTO public.auth_permission (id, name, content_type_id, codename) VALUES (24, 'Can view session', 6, 'view_session');
INSERT INTO public.auth_permission (id, name, content_type_id, codename) VALUES (25, 'Can add peca', 7, 'add_peca');
INSERT INTO public.auth_permission (id, name, content_type_id, codename) VALUES (26, 'Can change peca', 7, 'change_peca');
INSERT INTO public.auth_permission (id, name, content_type_id, codename) VALUES (27, 'Can delete peca', 7, 'delete_peca');
INSERT INTO public.auth_permission (id, name, content_type_id, codename) VALUES (28, 'Can view peca', 7, 'view_peca');
INSERT INTO public.auth_permission (id, name, content_type_id, codename) VALUES (29, 'Can add ram', 8, 'add_ram');
INSERT INTO public.auth_permission (id, name, content_type_id, codename) VALUES (30, 'Can change ram', 8, 'change_ram');
INSERT INTO public.auth_permission (id, name, content_type_id, codename) VALUES (31, 'Can delete ram', 8, 'delete_ram');
INSERT INTO public.auth_permission (id, name, content_type_id, codename) VALUES (32, 'Can view ram', 8, 'view_ram');
INSERT INTO public.auth_permission (id, name, content_type_id, codename) VALUES (33, 'Can add hd', 9, 'add_hd');
INSERT INTO public.auth_permission (id, name, content_type_id, codename) VALUES (34, 'Can change hd', 9, 'change_hd');
INSERT INTO public.auth_permission (id, name, content_type_id, codename) VALUES (35, 'Can delete hd', 9, 'delete_hd');
INSERT INTO public.auth_permission (id, name, content_type_id, codename) VALUES (36, 'Can view hd', 9, 'view_hd');
INSERT INTO public.auth_permission (id, name, content_type_id, codename) VALUES (37, 'Can add ssd', 10, 'add_ssd');
INSERT INTO public.auth_permission (id, name, content_type_id, codename) VALUES (38, 'Can change ssd', 10, 'change_ssd');
INSERT INTO public.auth_permission (id, name, content_type_id, codename) VALUES (39, 'Can delete ssd', 10, 'delete_ssd');
INSERT INTO public.auth_permission (id, name, content_type_id, codename) VALUES (40, 'Can view ssd', 10, 'view_ssd');
INSERT INTO public.auth_permission (id, name, content_type_id, codename) VALUES (41, 'Can add gpu', 11, 'add_gpu');
INSERT INTO public.auth_permission (id, name, content_type_id, codename) VALUES (42, 'Can change gpu', 11, 'change_gpu');
INSERT INTO public.auth_permission (id, name, content_type_id, codename) VALUES (43, 'Can delete gpu', 11, 'delete_gpu');
INSERT INTO public.auth_permission (id, name, content_type_id, codename) VALUES (44, 'Can view gpu', 11, 'view_gpu');
INSERT INTO public.auth_permission (id, name, content_type_id, codename) VALUES (45, 'Can add cpu', 12, 'add_cpu');
INSERT INTO public.auth_permission (id, name, content_type_id, codename) VALUES (46, 'Can change cpu', 12, 'change_cpu');
INSERT INTO public.auth_permission (id, name, content_type_id, codename) VALUES (47, 'Can delete cpu', 12, 'delete_cpu');
INSERT INTO public.auth_permission (id, name, content_type_id, codename) VALUES (48, 'Can view cpu', 12, 'view_cpu');
INSERT INTO public.auth_permission (id, name, content_type_id, codename) VALUES (49, 'Can add fonte alimentacao', 13, 'add_fontealimentacao');
INSERT INTO public.auth_permission (id, name, content_type_id, codename) VALUES (50, 'Can change fonte alimentacao', 13, 'change_fontealimentacao');
INSERT INTO public.auth_permission (id, name, content_type_id, codename) VALUES (51, 'Can delete fonte alimentacao', 13, 'delete_fontealimentacao');
INSERT INTO public.auth_permission (id, name, content_type_id, codename) VALUES (52, 'Can view fonte alimentacao', 13, 'view_fontealimentacao');
INSERT INTO public.auth_permission (id, name, content_type_id, codename) VALUES (53, 'Can add placa mae', 14, 'add_placamae');
INSERT INTO public.auth_permission (id, name, content_type_id, codename) VALUES (54, 'Can change placa mae', 14, 'change_placamae');
INSERT INTO public.auth_permission (id, name, content_type_id, codename) VALUES (55, 'Can delete placa mae', 14, 'delete_placamae');
INSERT INTO public.auth_permission (id, name, content_type_id, codename) VALUES (56, 'Can view placa mae', 14, 'view_placamae');
INSERT INTO public.auth_permission (id, name, content_type_id, codename) VALUES (57, 'Can add cooler', 15, 'add_cooler');
INSERT INTO public.auth_permission (id, name, content_type_id, codename) VALUES (58, 'Can change cooler', 15, 'change_cooler');
INSERT INTO public.auth_permission (id, name, content_type_id, codename) VALUES (59, 'Can delete cooler', 15, 'delete_cooler');
INSERT INTO public.auth_permission (id, name, content_type_id, codename) VALUES (60, 'Can view cooler', 15, 'view_cooler');
INSERT INTO public.auth_permission (id, name, content_type_id, codename) VALUES (61, 'Can add gabinete', 16, 'add_gabinete');
INSERT INTO public.auth_permission (id, name, content_type_id, codename) VALUES (62, 'Can change gabinete', 16, 'change_gabinete');
INSERT INTO public.auth_permission (id, name, content_type_id, codename) VALUES (63, 'Can delete gabinete', 16, 'delete_gabinete');
INSERT INTO public.auth_permission (id, name, content_type_id, codename) VALUES (64, 'Can view gabinete', 16, 'view_gabinete');
INSERT INTO public.auth_permission (id, name, content_type_id, codename) VALUES (65, 'Can add ventoinha', 17, 'add_ventoinha');
INSERT INTO public.auth_permission (id, name, content_type_id, codename) VALUES (66, 'Can change ventoinha', 17, 'change_ventoinha');
INSERT INTO public.auth_permission (id, name, content_type_id, codename) VALUES (67, 'Can delete ventoinha', 17, 'delete_ventoinha');
INSERT INTO public.auth_permission (id, name, content_type_id, codename) VALUES (68, 'Can view ventoinha', 17, 'view_ventoinha');
INSERT INTO public.auth_permission (id, name, content_type_id, codename) VALUES (69, 'Can add setup', 18, 'add_setup');
INSERT INTO public.auth_permission (id, name, content_type_id, codename) VALUES (70, 'Can change setup', 18, 'change_setup');
INSERT INTO public.auth_permission (id, name, content_type_id, codename) VALUES (71, 'Can delete setup', 18, 'delete_setup');
INSERT INTO public.auth_permission (id, name, content_type_id, codename) VALUES (72, 'Can view setup', 18, 'view_setup');


--
-- TOC entry 5051 (class 0 OID 17198)
-- Dependencies: 228
-- Data for Name: auth_user; Type: TABLE DATA; Schema: public; Owner: postgres
--

INSERT INTO public.auth_user (id, password, last_login, is_superuser, username, first_name, last_name, email, is_staff, is_active, date_joined) VALUES (1, 'pbkdf2_sha256$870000$dbAZnfwpboHWPpvOZdqPm5$SowWfws1KnbJaHVDvvsGrOxjRT2iKlecdEYMkuIRgKA=', '2024-12-15 15:12:27.038589-03', true, 'admin', '', '', '', true, true, '2024-10-29 19:22:46.099955-03');


--
-- TOC entry 5053 (class 0 OID 17206)
-- Dependencies: 230
-- Data for Name: auth_user_groups; Type: TABLE DATA; Schema: public; Owner: postgres
--



--
-- TOC entry 5055 (class 0 OID 17212)
-- Dependencies: 232
-- Data for Name: auth_user_user_permissions; Type: TABLE DATA; Schema: public; Owner: postgres
--



--
-- TOC entry 5057 (class 0 OID 17270)
-- Dependencies: 234
-- Data for Name: django_admin_log; Type: TABLE DATA; Schema: public; Owner: postgres
--

INSERT INTO public.django_admin_log (id, action_time, object_id, object_repr, action_flag, change_message, content_type_id, user_id) VALUES (1, '2024-10-29 19:47:52.474579-03', '1', 'teste - 3 Núcleos - 1313.0GHz', 1, '[{"added": {}}]', 12, 1);
INSERT INTO public.django_admin_log (id, action_time, object_id, object_repr, action_flag, change_message, content_type_id, user_id) VALUES (2, '2024-10-29 19:48:50.442586-03', '2', 'teste - 12GB - 12MB/s', 1, '[{"added": {}}]', 10, 1);
INSERT INTO public.django_admin_log (id, action_time, object_id, object_repr, action_flag, change_message, content_type_id, user_id) VALUES (3, '2024-10-29 19:49:22.563917-03', '2', 'teste - 12GB - 12MB/s', 3, '', 10, 1);
INSERT INTO public.django_admin_log (id, action_time, object_id, object_repr, action_flag, change_message, content_type_id, user_id) VALUES (4, '2024-10-29 19:49:31.249515-03', '1', 'teste - 3 Núcleos - 1313.0GHz', 3, '', 12, 1);
INSERT INTO public.django_admin_log (id, action_time, object_id, object_repr, action_flag, change_message, content_type_id, user_id) VALUES (5, '2024-11-16 16:39:32.489319-03', '2', 'nag', 3, '', 18, 1);
INSERT INTO public.django_admin_log (id, action_time, object_id, object_repr, action_flag, change_message, content_type_id, user_id) VALUES (6, '2024-11-16 16:39:32.489319-03', '1', 'nag', 3, '', 18, 1);
INSERT INTO public.django_admin_log (id, action_time, object_id, object_repr, action_flag, change_message, content_type_id, user_id) VALUES (7, '2024-11-16 16:47:03.542114-03', '3', 'teste kk', 3, '', 18, 1);
INSERT INTO public.django_admin_log (id, action_time, object_id, object_repr, action_flag, change_message, content_type_id, user_id) VALUES (8, '2024-11-23 19:58:30.590118-03', '7', 'teste nag - nague', 3, '', 18, 1);
INSERT INTO public.django_admin_log (id, action_time, object_id, object_repr, action_flag, change_message, content_type_id, user_id) VALUES (9, '2024-11-23 19:58:30.591117-03', '6', 'teste kkkkkkkkkkkkkk - admin', 3, '', 18, 1);
INSERT INTO public.django_admin_log (id, action_time, object_id, object_repr, action_flag, change_message, content_type_id, user_id) VALUES (10, '2024-11-23 19:58:30.591117-03', '5', 'nagao - nague', 3, '', 18, 1);
INSERT INTO public.django_admin_log (id, action_time, object_id, object_repr, action_flag, change_message, content_type_id, user_id) VALUES (11, '2024-11-23 19:58:30.591117-03', '4', 'nagao - admin', 3, '', 18, 1);
INSERT INTO public.django_admin_log (id, action_time, object_id, object_repr, action_flag, change_message, content_type_id, user_id) VALUES (12, '2024-11-23 19:58:59.927244-03', '9', 'sussssssss - admin', 3, '', 18, 1);
INSERT INTO public.django_admin_log (id, action_time, object_id, object_repr, action_flag, change_message, content_type_id, user_id) VALUES (13, '2024-11-23 19:58:59.927244-03', '8', 'sas - admin', 3, '', 18, 1);
INSERT INTO public.django_admin_log (id, action_time, object_id, object_repr, action_flag, change_message, content_type_id, user_id) VALUES (14, '2024-11-23 20:07:45.722356-03', '9', 'Toshiba P300 - 2000GB - 7200RPM', 2, '[{"changed": {"fields": ["Tdp"]}}]', 9, 1);
INSERT INTO public.django_admin_log (id, action_time, object_id, object_repr, action_flag, change_message, content_type_id, user_id) VALUES (15, '2024-11-23 20:18:13.085377-03', '15', 'meu deus - admin', 3, '', 18, 1);
INSERT INTO public.django_admin_log (id, action_time, object_id, object_repr, action_flag, change_message, content_type_id, user_id) VALUES (16, '2024-11-23 20:18:13.085377-03', '14', 'oooooo - admin', 3, '', 18, 1);
INSERT INTO public.django_admin_log (id, action_time, object_id, object_repr, action_flag, change_message, content_type_id, user_id) VALUES (17, '2024-11-23 20:18:13.085377-03', '13', 'sasasa - admin', 3, '', 18, 1);
INSERT INTO public.django_admin_log (id, action_time, object_id, object_repr, action_flag, change_message, content_type_id, user_id) VALUES (18, '2024-11-23 20:18:13.085377-03', '12', 'galoooo - admin', 3, '', 18, 1);
INSERT INTO public.django_admin_log (id, action_time, object_id, object_repr, action_flag, change_message, content_type_id, user_id) VALUES (19, '2024-11-23 20:18:13.085377-03', '11', 'teste again - admin', 3, '', 18, 1);
INSERT INTO public.django_admin_log (id, action_time, object_id, object_repr, action_flag, change_message, content_type_id, user_id) VALUES (20, '2024-11-23 20:18:13.085377-03', '10', 'teste kkk - admin', 3, '', 18, 1);
INSERT INTO public.django_admin_log (id, action_time, object_id, object_repr, action_flag, change_message, content_type_id, user_id) VALUES (21, '2024-11-23 20:40:49.5511-03', '17', 'tete denovo pqp foi - admin', 3, '', 18, 1);
INSERT INTO public.django_admin_log (id, action_time, object_id, object_repr, action_flag, change_message, content_type_id, user_id) VALUES (22, '2024-11-23 20:40:49.5511-03', '16', 'testeeee - admin', 3, '', 18, 1);
INSERT INTO public.django_admin_log (id, action_time, object_id, object_repr, action_flag, change_message, content_type_id, user_id) VALUES (23, '2024-12-09 08:47:52.001784-03', '27', 'cu - admin', 3, '', 18, 1);
INSERT INTO public.django_admin_log (id, action_time, object_id, object_repr, action_flag, change_message, content_type_id, user_id) VALUES (24, '2024-12-09 08:47:52.001784-03', '26', 'porrraaaa - admin', 3, '', 18, 1);
INSERT INTO public.django_admin_log (id, action_time, object_id, object_repr, action_flag, change_message, content_type_id, user_id) VALUES (25, '2024-12-09 08:47:52.001784-03', '25', 'ssss - admin', 3, '', 18, 1);
INSERT INTO public.django_admin_log (id, action_time, object_id, object_repr, action_flag, change_message, content_type_id, user_id) VALUES (26, '2024-12-09 08:47:52.001784-03', '24', 'uai - admin', 3, '', 18, 1);
INSERT INTO public.django_admin_log (id, action_time, object_id, object_repr, action_flag, change_message, content_type_id, user_id) VALUES (27, '2024-12-09 08:47:52.001784-03', '23', 'teste naa - admin', 3, '', 18, 1);
INSERT INTO public.django_admin_log (id, action_time, object_id, object_repr, action_flag, change_message, content_type_id, user_id) VALUES (28, '2024-12-09 08:47:52.001784-03', '22', 'black - admin', 3, '', 18, 1);
INSERT INTO public.django_admin_log (id, action_time, object_id, object_repr, action_flag, change_message, content_type_id, user_id) VALUES (29, '2024-12-09 08:47:52.001784-03', '21', 'aaaaaaaaaaaaaaaaaaaaaaa - admin', 3, '', 18, 1);
INSERT INTO public.django_admin_log (id, action_time, object_id, object_repr, action_flag, change_message, content_type_id, user_id) VALUES (30, '2024-12-09 08:47:52.001784-03', '20', 'omg - admin', 3, '', 18, 1);
INSERT INTO public.django_admin_log (id, action_time, object_id, object_repr, action_flag, change_message, content_type_id, user_id) VALUES (31, '2024-12-09 08:47:52.001784-03', '19', 'porraaaa - admin', 3, '', 18, 1);
INSERT INTO public.django_admin_log (id, action_time, object_id, object_repr, action_flag, change_message, content_type_id, user_id) VALUES (32, '2024-12-09 08:47:52.001784-03', '18', 'nagao super blaster - admin', 3, '', 18, 1);
INSERT INTO public.django_admin_log (id, action_time, object_id, object_repr, action_flag, change_message, content_type_id, user_id) VALUES (33, '2024-12-09 08:49:09.914062-03', '24', 'Gigabyte B450M DS3H - Micro ATX - AM4', 2, '[{"changed": {"fields": ["Chipset"]}}]', 14, 1);
INSERT INTO public.django_admin_log (id, action_time, object_id, object_repr, action_flag, change_message, content_type_id, user_id) VALUES (34, '2024-12-09 08:49:22.072388-03', '23', 'MSI MAG B550 TOMAHAWK - ATX - AM4', 2, '[{"changed": {"fields": ["Chipset"]}}]', 14, 1);
INSERT INTO public.django_admin_log (id, action_time, object_id, object_repr, action_flag, change_message, content_type_id, user_id) VALUES (35, '2024-12-09 08:49:30.411728-03', '22', 'ASUS ROG STRIX B550-F - ATX - B550', 2, '[]', 14, 1);
INSERT INTO public.django_admin_log (id, action_time, object_id, object_repr, action_flag, change_message, content_type_id, user_id) VALUES (36, '2024-12-10 08:31:37.15215-03', '31', 'Nague - user', 3, '', 18, 1);
INSERT INTO public.django_admin_log (id, action_time, object_id, object_repr, action_flag, change_message, content_type_id, user_id) VALUES (37, '2024-12-10 08:31:37.15215-03', '30', 'nag - admin', 3, '', 18, 1);
INSERT INTO public.django_admin_log (id, action_time, object_id, object_repr, action_flag, change_message, content_type_id, user_id) VALUES (38, '2024-12-10 08:31:37.15215-03', '29', 'cusss - admin', 3, '', 18, 1);
INSERT INTO public.django_admin_log (id, action_time, object_id, object_repr, action_flag, change_message, content_type_id, user_id) VALUES (39, '2024-12-10 08:31:37.15215-03', '28', 'lalala - admin', 3, '', 18, 1);
INSERT INTO public.django_admin_log (id, action_time, object_id, object_repr, action_flag, change_message, content_type_id, user_id) VALUES (40, '2024-12-10 08:31:45.586522-03', '27', 'Corsair iCUE H100i - Liquid - 240mm', 3, '', 15, 1);
INSERT INTO public.django_admin_log (id, action_time, object_id, object_repr, action_flag, change_message, content_type_id, user_id) VALUES (41, '2024-12-10 08:31:45.586522-03', '26', 'Cooler Master Hyper 212 - Air - 120mm', 3, '', 15, 1);
INSERT INTO public.django_admin_log (id, action_time, object_id, object_repr, action_flag, change_message, content_type_id, user_id) VALUES (42, '2024-12-10 08:31:45.586522-03', '25', 'Noctua NH-D15 - Air - 140mm', 3, '', 15, 1);
INSERT INTO public.django_admin_log (id, action_time, object_id, object_repr, action_flag, change_message, content_type_id, user_id) VALUES (43, '2024-12-10 08:31:54.488857-03', '18', 'AMD Ryzen 7 5800X - 8 Núcleos - 3.8GHz - Socket AM4', 3, '', 12, 1);
INSERT INTO public.django_admin_log (id, action_time, object_id, object_repr, action_flag, change_message, content_type_id, user_id) VALUES (44, '2024-12-10 08:31:54.488857-03', '17', 'Intel Core i7-12700K - 12 Núcleos - 3.6GHz - Socket LGA 1700', 3, '', 12, 1);
INSERT INTO public.django_admin_log (id, action_time, object_id, object_repr, action_flag, change_message, content_type_id, user_id) VALUES (45, '2024-12-10 08:31:54.488857-03', '16', 'AMD Ryzen 5 5600X - 6 Núcleos - 3.7GHz - Socket AM4', 3, '', 12, 1);
INSERT INTO public.django_admin_log (id, action_time, object_id, object_repr, action_flag, change_message, content_type_id, user_id) VALUES (46, '2024-12-10 08:32:03.438119-03', '21', 'Cooler Master MWE 550 - 550W', 3, '', 13, 1);
INSERT INTO public.django_admin_log (id, action_time, object_id, object_repr, action_flag, change_message, content_type_id, user_id) VALUES (47, '2024-12-10 08:32:03.438119-03', '20', 'EVGA 650 GQ - 650W', 3, '', 13, 1);
INSERT INTO public.django_admin_log (id, action_time, object_id, object_repr, action_flag, change_message, content_type_id, user_id) VALUES (48, '2024-12-10 08:32:03.438119-03', '19', 'Corsair RM750x - 750W', 3, '', 13, 1);
INSERT INTO public.django_admin_log (id, action_time, object_id, object_repr, action_flag, change_message, content_type_id, user_id) VALUES (49, '2024-12-10 08:32:08.863528-03', '30', 'Corsair 4000D Airflow - Mid Tower - ATX, Micro ATX', 3, '', 16, 1);
INSERT INTO public.django_admin_log (id, action_time, object_id, object_repr, action_flag, change_message, content_type_id, user_id) VALUES (50, '2024-12-10 08:32:08.863528-03', '29', 'Cooler Master MasterBox Q300L - Mini Tower - Micro ATX, Mini ITX', 3, '', 16, 1);
INSERT INTO public.django_admin_log (id, action_time, object_id, object_repr, action_flag, change_message, content_type_id, user_id) VALUES (51, '2024-12-10 08:32:08.863528-03', '28', 'NZXT H510 - Mid Tower - ATX, Micro ATX, Mini ITX', 3, '', 16, 1);
INSERT INTO public.django_admin_log (id, action_time, object_id, object_repr, action_flag, change_message, content_type_id, user_id) VALUES (52, '2024-12-10 08:32:18.64805-03', '15', 'NVIDIA GeForce GTX 1660 Super - 6GB - 1530MHz', 3, '', 11, 1);
INSERT INTO public.django_admin_log (id, action_time, object_id, object_repr, action_flag, change_message, content_type_id, user_id) VALUES (53, '2024-12-10 08:32:18.64805-03', '14', 'AMD Radeon RX 6700 XT - 12GB - 2321MHz', 3, '', 11, 1);
INSERT INTO public.django_admin_log (id, action_time, object_id, object_repr, action_flag, change_message, content_type_id, user_id) VALUES (54, '2024-12-10 08:32:18.64805-03', '13', 'NVIDIA GeForce RTX 3060 - 12GB - 1780MHz', 3, '', 11, 1);
INSERT INTO public.django_admin_log (id, action_time, object_id, object_repr, action_flag, change_message, content_type_id, user_id) VALUES (55, '2024-12-10 08:32:24.791168-03', '35', 'lassss - 12GB - 12RPM', 3, '', 9, 1);
INSERT INTO public.django_admin_log (id, action_time, object_id, object_repr, action_flag, change_message, content_type_id, user_id) VALUES (56, '2024-12-10 08:32:24.791168-03', '9', 'Toshiba P300 - 2000GB - 7200RPM', 3, '', 9, 1);
INSERT INTO public.django_admin_log (id, action_time, object_id, object_repr, action_flag, change_message, content_type_id, user_id) VALUES (57, '2024-12-10 08:32:24.791168-03', '8', 'Western Digital Blue - 500GB - 5400RPM', 3, '', 9, 1);
INSERT INTO public.django_admin_log (id, action_time, object_id, object_repr, action_flag, change_message, content_type_id, user_id) VALUES (58, '2024-12-10 08:32:24.791168-03', '7', 'Seagate Barracuda - 1000GB - 7200RPM', 3, '', 9, 1);
INSERT INTO public.django_admin_log (id, action_time, object_id, object_repr, action_flag, change_message, content_type_id, user_id) VALUES (59, '2024-12-10 08:32:30.496345-03', '24', 'Gigabyte B450M DS3H - Micro ATX - Socket AM4', 3, '', 14, 1);
INSERT INTO public.django_admin_log (id, action_time, object_id, object_repr, action_flag, change_message, content_type_id, user_id) VALUES (60, '2024-12-10 08:32:30.496345-03', '23', 'MSI MAG B550 TOMAHAWK - ATX - Socket AM4', 3, '', 14, 1);
INSERT INTO public.django_admin_log (id, action_time, object_id, object_repr, action_flag, change_message, content_type_id, user_id) VALUES (61, '2024-12-10 08:32:30.496345-03', '22', 'ASUS ROG STRIX B550-F - ATX - Socket B550', 3, '', 14, 1);
INSERT INTO public.django_admin_log (id, action_time, object_id, object_repr, action_flag, change_message, content_type_id, user_id) VALUES (62, '2024-12-10 08:32:38.336564-03', '6', 'G.Skill Trident Z RGB - 16GB - 3600MHz', 3, '', 8, 1);
INSERT INTO public.django_admin_log (id, action_time, object_id, object_repr, action_flag, change_message, content_type_id, user_id) VALUES (63, '2024-12-10 08:32:38.336564-03', '5', 'HyperX Fury - 8GB - 2666MHz', 3, '', 8, 1);
INSERT INTO public.django_admin_log (id, action_time, object_id, object_repr, action_flag, change_message, content_type_id, user_id) VALUES (64, '2024-12-10 08:32:38.336564-03', '4', 'Corsair Vengeance LPX - 8GB - 3200MHz', 3, '', 8, 1);
INSERT INTO public.django_admin_log (id, action_time, object_id, object_repr, action_flag, change_message, content_type_id, user_id) VALUES (65, '2024-12-10 08:32:46.240025-03', '12', 'Crucial MX500 - 1000GB - 560MB/s', 3, '', 10, 1);
INSERT INTO public.django_admin_log (id, action_time, object_id, object_repr, action_flag, change_message, content_type_id, user_id) VALUES (66, '2024-12-10 08:32:46.240025-03', '11', 'Kingston A2000 - 500GB - 2000MB/s', 3, '', 10, 1);
INSERT INTO public.django_admin_log (id, action_time, object_id, object_repr, action_flag, change_message, content_type_id, user_id) VALUES (67, '2024-12-10 08:32:46.240025-03', '10', 'Samsung 970 EVO Plus - 1000GB - 3500MB/s', 3, '', 10, 1);
INSERT INTO public.django_admin_log (id, action_time, object_id, object_repr, action_flag, change_message, content_type_id, user_id) VALUES (68, '2024-12-10 08:32:52.72997-03', '33', 'ARCTIC F12 - 120mm - 1350RPM', 3, '', 17, 1);
INSERT INTO public.django_admin_log (id, action_time, object_id, object_repr, action_flag, change_message, content_type_id, user_id) VALUES (69, '2024-12-10 08:32:52.72997-03', '32', 'Noctua NF-A12x25 - 120mm - 2000RPM', 3, '', 17, 1);
INSERT INTO public.django_admin_log (id, action_time, object_id, object_repr, action_flag, change_message, content_type_id, user_id) VALUES (70, '2024-12-10 08:32:52.72997-03', '31', 'Corsair ML120 Pro - 120mm - 2400RPM', 3, '', 17, 1);
INSERT INTO public.django_admin_log (id, action_time, object_id, object_repr, action_flag, change_message, content_type_id, user_id) VALUES (71, '2024-12-15 15:13:02.436369-03', '42', 'SAAA - teste', 3, '', 18, 1);
INSERT INTO public.django_admin_log (id, action_time, object_id, object_repr, action_flag, change_message, content_type_id, user_id) VALUES (72, '2024-12-15 15:13:02.436369-03', '41', 's - teste', 3, '', 18, 1);
INSERT INTO public.django_admin_log (id, action_time, object_id, object_repr, action_flag, change_message, content_type_id, user_id) VALUES (73, '2024-12-15 15:13:02.436369-03', '40', 'ram - teste', 3, '', 18, 1);
INSERT INTO public.django_admin_log (id, action_time, object_id, object_repr, action_flag, change_message, content_type_id, user_id) VALUES (74, '2024-12-15 15:13:02.437368-03', '39', 'ffffg - teste', 3, '', 18, 1);
INSERT INTO public.django_admin_log (id, action_time, object_id, object_repr, action_flag, change_message, content_type_id, user_id) VALUES (75, '2024-12-15 15:13:26.878427-03', '2', 'nague', 3, '', 4, 1);
INSERT INTO public.django_admin_log (id, action_time, object_id, object_repr, action_flag, change_message, content_type_id, user_id) VALUES (76, '2024-12-15 15:13:26.878427-03', '4', 'teste', 3, '', 4, 1);
INSERT INTO public.django_admin_log (id, action_time, object_id, object_repr, action_flag, change_message, content_type_id, user_id) VALUES (77, '2024-12-15 15:13:26.878427-03', '3', 'user', 3, '', 4, 1);


--
-- TOC entry 5043 (class 0 OID 17170)
-- Dependencies: 220
-- Data for Name: django_content_type; Type: TABLE DATA; Schema: public; Owner: postgres
--

INSERT INTO public.django_content_type (id, app_label, model) VALUES (1, 'admin', 'logentry');
INSERT INTO public.django_content_type (id, app_label, model) VALUES (2, 'auth', 'permission');
INSERT INTO public.django_content_type (id, app_label, model) VALUES (3, 'auth', 'group');
INSERT INTO public.django_content_type (id, app_label, model) VALUES (4, 'auth', 'user');
INSERT INTO public.django_content_type (id, app_label, model) VALUES (5, 'contenttypes', 'contenttype');
INSERT INTO public.django_content_type (id, app_label, model) VALUES (6, 'sessions', 'session');
INSERT INTO public.django_content_type (id, app_label, model) VALUES (7, 'app', 'peca');
INSERT INTO public.django_content_type (id, app_label, model) VALUES (8, 'app', 'ram');
INSERT INTO public.django_content_type (id, app_label, model) VALUES (9, 'app', 'hd');
INSERT INTO public.django_content_type (id, app_label, model) VALUES (10, 'app', 'ssd');
INSERT INTO public.django_content_type (id, app_label, model) VALUES (11, 'app', 'gpu');
INSERT INTO public.django_content_type (id, app_label, model) VALUES (12, 'app', 'cpu');
INSERT INTO public.django_content_type (id, app_label, model) VALUES (13, 'app', 'fontealimentacao');
INSERT INTO public.django_content_type (id, app_label, model) VALUES (14, 'app', 'placamae');
INSERT INTO public.django_content_type (id, app_label, model) VALUES (15, 'app', 'cooler');
INSERT INTO public.django_content_type (id, app_label, model) VALUES (16, 'app', 'gabinete');
INSERT INTO public.django_content_type (id, app_label, model) VALUES (17, 'app', 'ventoinha');
INSERT INTO public.django_content_type (id, app_label, model) VALUES (18, 'app', 'setup');


--
-- TOC entry 5041 (class 0 OID 17162)
-- Dependencies: 218
-- Data for Name: django_migrations; Type: TABLE DATA; Schema: public; Owner: postgres
--

INSERT INTO public.django_migrations (id, app, name, applied) VALUES (1, 'contenttypes', '0001_initial', '2024-10-29 19:22:14.738097-03');
INSERT INTO public.django_migrations (id, app, name, applied) VALUES (2, 'auth', '0001_initial', '2024-10-29 19:22:14.804936-03');
INSERT INTO public.django_migrations (id, app, name, applied) VALUES (3, 'admin', '0001_initial', '2024-10-29 19:22:14.817965-03');
INSERT INTO public.django_migrations (id, app, name, applied) VALUES (4, 'admin', '0002_logentry_remove_auto_add', '2024-10-29 19:22:14.821966-03');
INSERT INTO public.django_migrations (id, app, name, applied) VALUES (5, 'admin', '0003_logentry_add_action_flag_choices', '2024-10-29 19:22:14.826468-03');
INSERT INTO public.django_migrations (id, app, name, applied) VALUES (6, 'contenttypes', '0002_remove_content_type_name', '2024-10-29 19:22:14.83785-03');
INSERT INTO public.django_migrations (id, app, name, applied) VALUES (7, 'auth', '0002_alter_permission_name_max_length', '2024-10-29 19:22:14.841849-03');
INSERT INTO public.django_migrations (id, app, name, applied) VALUES (8, 'auth', '0003_alter_user_email_max_length', '2024-10-29 19:22:14.847272-03');
INSERT INTO public.django_migrations (id, app, name, applied) VALUES (9, 'auth', '0004_alter_user_username_opts', '2024-10-29 19:22:14.851269-03');
INSERT INTO public.django_migrations (id, app, name, applied) VALUES (10, 'auth', '0005_alter_user_last_login_null', '2024-10-29 19:22:14.855283-03');
INSERT INTO public.django_migrations (id, app, name, applied) VALUES (11, 'auth', '0006_require_contenttypes_0002', '2024-10-29 19:22:14.856282-03');
INSERT INTO public.django_migrations (id, app, name, applied) VALUES (12, 'auth', '0007_alter_validators_add_error_messages', '2024-10-29 19:22:14.859849-03');
INSERT INTO public.django_migrations (id, app, name, applied) VALUES (13, 'auth', '0008_alter_user_username_max_length', '2024-10-29 19:22:14.867365-03');
INSERT INTO public.django_migrations (id, app, name, applied) VALUES (14, 'auth', '0009_alter_user_last_name_max_length', '2024-10-29 19:22:14.872364-03');
INSERT INTO public.django_migrations (id, app, name, applied) VALUES (15, 'auth', '0010_alter_group_name_max_length', '2024-10-29 19:22:14.877421-03');
INSERT INTO public.django_migrations (id, app, name, applied) VALUES (16, 'auth', '0011_update_proxy_permissions', '2024-10-29 19:22:14.884938-03');
INSERT INTO public.django_migrations (id, app, name, applied) VALUES (17, 'auth', '0012_alter_user_first_name_max_length', '2024-10-29 19:22:14.890448-03');
INSERT INTO public.django_migrations (id, app, name, applied) VALUES (18, 'sessions', '0001_initial', '2024-10-29 19:22:14.898728-03');
INSERT INTO public.django_migrations (id, app, name, applied) VALUES (19, 'app', '0001_initial', '2024-10-29 19:46:06.479866-03');
INSERT INTO public.django_migrations (id, app, name, applied) VALUES (20, 'app', '0002_cpu_chipset', '2024-10-29 20:21:09.567335-03');
INSERT INTO public.django_migrations (id, app, name, applied) VALUES (21, 'app', '0003_setup_preco', '2024-11-16 15:45:17.545206-03');
INSERT INTO public.django_migrations (id, app, name, applied) VALUES (22, 'app', '0004_peca_tdp', '2024-11-16 15:48:47.056877-03');
INSERT INTO public.django_migrations (id, app, name, applied) VALUES (23, 'app', '0005_setup_user', '2024-11-16 16:46:44.128026-03');
INSERT INTO public.django_migrations (id, app, name, applied) VALUES (24, 'app', '0006_alter_setup_user', '2024-11-16 16:47:45.298009-03');
INSERT INTO public.django_migrations (id, app, name, applied) VALUES (25, 'app', '0007_alter_peca_tdp', '2024-11-23 18:52:13.925992-03');
INSERT INTO public.django_migrations (id, app, name, applied) VALUES (26, 'app', '0008_setup_tdp_total', '2024-11-23 19:11:31.707235-03');
INSERT INTO public.django_migrations (id, app, name, applied) VALUES (27, 'app', '0009_rename_chipset_cpu_socket_and_more', '2024-12-10 08:29:06.08109-03');


--
-- TOC entry 5058 (class 0 OID 17298)
-- Dependencies: 235
-- Data for Name: django_session; Type: TABLE DATA; Schema: public; Owner: postgres
--

INSERT INTO public.django_session (session_key, session_data, expire_date) VALUES ('fhgtsllbkkfxxs2h8wbq565iun7ubkg7', '.eJxVjEEOwiAQRe_C2pACBcSl-56BDMyMVA0kpV0Z765NutDtf-_9l4iwrSVunZY4o7gIJU6_W4L8oLoDvEO9NZlbXZc5yV2RB-1yakjP6-H-HRTo5VsDK4-B0DIqh9lZE5TJgBCCJgeQkIAUmPNokHXWgbwdCHhgwxpHL94fHEY5UA:1t5vTv:owQPPjN36LIvMQAC36NnPbouV9_mge6PU2lstJhw8Mo', '2024-11-12 20:18:35.849886-03');
INSERT INTO public.django_session (session_key, session_data, expire_date) VALUES ('oojf37izgty2o3qbhregvlf4uoxnjcu9', '.eJxVjEEOwiAQRe_C2pACBcSl-56BDMyMVA0kpV0Z765NutDtf-_9l4iwrSVunZY4o7gIJU6_W4L8oLoDvEO9NZlbXZc5yV2RB-1yakjP6-H-HRTo5VsDK4-B0DIqh9lZE5TJgBCCJgeQkIAUmPNokHXWgbwdCHhgwxpHL94fHEY5UA:1tEynz:cJZGNE-zbAAGQbcuvKx0lBmOkJhmKE3Zd2TtR5BeIog', '2024-12-07 19:40:43.400682-03');
INSERT INTO public.django_session (session_key, session_data, expire_date) VALUES ('hjhohphkem2ccm33qmuwq1oyd4up2crj', '.eJxVjEEOwiAQRe_C2pACBcSl-56BDMyMVA0kpV0Z765NutDtf-_9l4iwrSVunZY4o7gIJU6_W4L8oLoDvEO9NZlbXZc5yV2RB-1yakjP6-H-HRTo5VsDK4-B0DIqh9lZE5TJgBCCJgeQkIAUmPNokHXWgbwdCHhgwxpHL94fHEY5UA:1tMt6R:6tevVo-0GaUb5WPzCeA8j4_Rzp6xqnLDvD7d94gi6Ak', '2024-12-29 15:12:27.039733-03');


--
-- TOC entry 5080 (class 0 OID 0)
-- Dependencies: 236
-- Name: app_peca_id_seq; Type: SEQUENCE SET; Schema: public; Owner: postgres
--

SELECT pg_catalog.setval('public.app_peca_id_seq', 135, true);


--
-- TOC entry 5081 (class 0 OID 0)
-- Dependencies: 248
-- Name: app_setup_id_seq; Type: SEQUENCE SET; Schema: public; Owner: postgres
--

SELECT pg_catalog.setval('public.app_setup_id_seq', 43, true);


--
-- TOC entry 5082 (class 0 OID 0)
-- Dependencies: 250
-- Name: app_setup_pecas_id_seq; Type: SEQUENCE SET; Schema: public; Owner: postgres
--

SELECT pg_catalog.setval('public.app_setup_pecas_id_seq', 130, true);


--
-- TOC entry 5083 (class 0 OID 0)
-- Dependencies: 223
-- Name: auth_group_id_seq; Type: SEQUENCE SET; Schema: public; Owner: postgres
--

SELECT pg_catalog.setval('public.auth_group_id_seq', 1, false);


--
-- TOC entry 5084 (class 0 OID 0)
-- Dependencies: 225
-- Name: auth_group_permissions_id_seq; Type: SEQUENCE SET; Schema: public; Owner: postgres
--

SELECT pg_catalog.setval('public.auth_group_permissions_id_seq', 1, false);


--
-- TOC entry 5085 (class 0 OID 0)
-- Dependencies: 221
-- Name: auth_permission_id_seq; Type: SEQUENCE SET; Schema: public; Owner: postgres
--

SELECT pg_catalog.setval('public.auth_permission_id_seq', 72, true);


--
-- TOC entry 5086 (class 0 OID 0)
-- Dependencies: 229
-- Name: auth_user_groups_id_seq; Type: SEQUENCE SET; Schema: public; Owner: postgres
--

SELECT pg_catalog.setval('public.auth_user_groups_id_seq', 1, false);


--
-- TOC entry 5087 (class 0 OID 0)
-- Dependencies: 227
-- Name: auth_user_id_seq; Type: SEQUENCE SET; Schema: public; Owner: postgres
--

SELECT pg_catalog.setval('public.auth_user_id_seq', 4, true);


--
-- TOC entry 5088 (class 0 OID 0)
-- Dependencies: 231
-- Name: auth_user_user_permissions_id_seq; Type: SEQUENCE SET; Schema: public; Owner: postgres
--

SELECT pg_catalog.setval('public.auth_user_user_permissions_id_seq', 1, false);


--
-- TOC entry 5089 (class 0 OID 0)
-- Dependencies: 233
-- Name: django_admin_log_id_seq; Type: SEQUENCE SET; Schema: public; Owner: postgres
--

SELECT pg_catalog.setval('public.django_admin_log_id_seq', 77, true);


--
-- TOC entry 5090 (class 0 OID 0)
-- Dependencies: 219
-- Name: django_content_type_id_seq; Type: SEQUENCE SET; Schema: public; Owner: postgres
--

SELECT pg_catalog.setval('public.django_content_type_id_seq', 18, true);


--
-- TOC entry 5091 (class 0 OID 0)
-- Dependencies: 217
-- Name: django_migrations_id_seq; Type: SEQUENCE SET; Schema: public; Owner: postgres
--

SELECT pg_catalog.setval('public.django_migrations_id_seq', 27, true);


--
-- TOC entry 4845 (class 2606 OID 17317)
-- Name: app_cooler app_cooler_pkey; Type: CONSTRAINT; Schema: public; Owner: postgres
--

ALTER TABLE ONLY public.app_cooler
    ADD CONSTRAINT app_cooler_pkey PRIMARY KEY (peca_ptr_id);


--
-- TOC entry 4847 (class 2606 OID 17322)
-- Name: app_cpu app_cpu_pkey; Type: CONSTRAINT; Schema: public; Owner: postgres
--

ALTER TABLE ONLY public.app_cpu
    ADD CONSTRAINT app_cpu_pkey PRIMARY KEY (peca_ptr_id);


--
-- TOC entry 4849 (class 2606 OID 17327)
-- Name: app_fontealimentacao app_fontealimentacao_pkey; Type: CONSTRAINT; Schema: public; Owner: postgres
--

ALTER TABLE ONLY public.app_fontealimentacao
    ADD CONSTRAINT app_fontealimentacao_pkey PRIMARY KEY (peca_ptr_id);


--
-- TOC entry 4851 (class 2606 OID 17332)
-- Name: app_gabinete app_gabinete_pkey; Type: CONSTRAINT; Schema: public; Owner: postgres
--

ALTER TABLE ONLY public.app_gabinete
    ADD CONSTRAINT app_gabinete_pkey PRIMARY KEY (peca_ptr_id);


--
-- TOC entry 4853 (class 2606 OID 17337)
-- Name: app_gpu app_gpu_pkey; Type: CONSTRAINT; Schema: public; Owner: postgres
--

ALTER TABLE ONLY public.app_gpu
    ADD CONSTRAINT app_gpu_pkey PRIMARY KEY (peca_ptr_id);


--
-- TOC entry 4855 (class 2606 OID 17342)
-- Name: app_hd app_hd_pkey; Type: CONSTRAINT; Schema: public; Owner: postgres
--

ALTER TABLE ONLY public.app_hd
    ADD CONSTRAINT app_hd_pkey PRIMARY KEY (peca_ptr_id);


--
-- TOC entry 4843 (class 2606 OID 17312)
-- Name: app_peca app_peca_pkey; Type: CONSTRAINT; Schema: public; Owner: postgres
--

ALTER TABLE ONLY public.app_peca
    ADD CONSTRAINT app_peca_pkey PRIMARY KEY (id);


--
-- TOC entry 4857 (class 2606 OID 17347)
-- Name: app_placamae app_placamae_pkey; Type: CONSTRAINT; Schema: public; Owner: postgres
--

ALTER TABLE ONLY public.app_placamae
    ADD CONSTRAINT app_placamae_pkey PRIMARY KEY (peca_ptr_id);


--
-- TOC entry 4859 (class 2606 OID 17352)
-- Name: app_ram app_ram_pkey; Type: CONSTRAINT; Schema: public; Owner: postgres
--

ALTER TABLE ONLY public.app_ram
    ADD CONSTRAINT app_ram_pkey PRIMARY KEY (peca_ptr_id);


--
-- TOC entry 4869 (class 2606 OID 17374)
-- Name: app_setup_pecas app_setup_pecas_pkey; Type: CONSTRAINT; Schema: public; Owner: postgres
--

ALTER TABLE ONLY public.app_setup_pecas
    ADD CONSTRAINT app_setup_pecas_pkey PRIMARY KEY (id);


--
-- TOC entry 4872 (class 2606 OID 17426)
-- Name: app_setup_pecas app_setup_pecas_setup_id_peca_id_57a5254b_uniq; Type: CONSTRAINT; Schema: public; Owner: postgres
--

ALTER TABLE ONLY public.app_setup_pecas
    ADD CONSTRAINT app_setup_pecas_setup_id_peca_id_57a5254b_uniq UNIQUE (setup_id, peca_id);


--
-- TOC entry 4865 (class 2606 OID 17368)
-- Name: app_setup app_setup_pkey; Type: CONSTRAINT; Schema: public; Owner: postgres
--

ALTER TABLE ONLY public.app_setup
    ADD CONSTRAINT app_setup_pkey PRIMARY KEY (id);


--
-- TOC entry 4861 (class 2606 OID 17357)
-- Name: app_ssd app_ssd_pkey; Type: CONSTRAINT; Schema: public; Owner: postgres
--

ALTER TABLE ONLY public.app_ssd
    ADD CONSTRAINT app_ssd_pkey PRIMARY KEY (peca_ptr_id);


--
-- TOC entry 4863 (class 2606 OID 17362)
-- Name: app_ventoinha app_ventoinha_pkey; Type: CONSTRAINT; Schema: public; Owner: postgres
--

ALTER TABLE ONLY public.app_ventoinha
    ADD CONSTRAINT app_ventoinha_pkey PRIMARY KEY (peca_ptr_id);


--
-- TOC entry 4808 (class 2606 OID 17296)
-- Name: auth_group auth_group_name_key; Type: CONSTRAINT; Schema: public; Owner: postgres
--

ALTER TABLE ONLY public.auth_group
    ADD CONSTRAINT auth_group_name_key UNIQUE (name);


--
-- TOC entry 4813 (class 2606 OID 17227)
-- Name: auth_group_permissions auth_group_permissions_group_id_permission_id_0cd325b0_uniq; Type: CONSTRAINT; Schema: public; Owner: postgres
--

ALTER TABLE ONLY public.auth_group_permissions
    ADD CONSTRAINT auth_group_permissions_group_id_permission_id_0cd325b0_uniq UNIQUE (group_id, permission_id);


--
-- TOC entry 4816 (class 2606 OID 17196)
-- Name: auth_group_permissions auth_group_permissions_pkey; Type: CONSTRAINT; Schema: public; Owner: postgres
--

ALTER TABLE ONLY public.auth_group_permissions
    ADD CONSTRAINT auth_group_permissions_pkey PRIMARY KEY (id);


--
-- TOC entry 4810 (class 2606 OID 17188)
-- Name: auth_group auth_group_pkey; Type: CONSTRAINT; Schema: public; Owner: postgres
--

ALTER TABLE ONLY public.auth_group
    ADD CONSTRAINT auth_group_pkey PRIMARY KEY (id);


--
-- TOC entry 4803 (class 2606 OID 17218)
-- Name: auth_permission auth_permission_content_type_id_codename_01ab375a_uniq; Type: CONSTRAINT; Schema: public; Owner: postgres
--

ALTER TABLE ONLY public.auth_permission
    ADD CONSTRAINT auth_permission_content_type_id_codename_01ab375a_uniq UNIQUE (content_type_id, codename);


--
-- TOC entry 4805 (class 2606 OID 17182)
-- Name: auth_permission auth_permission_pkey; Type: CONSTRAINT; Schema: public; Owner: postgres
--

ALTER TABLE ONLY public.auth_permission
    ADD CONSTRAINT auth_permission_pkey PRIMARY KEY (id);


--
-- TOC entry 4824 (class 2606 OID 17210)
-- Name: auth_user_groups auth_user_groups_pkey; Type: CONSTRAINT; Schema: public; Owner: postgres
--

ALTER TABLE ONLY public.auth_user_groups
    ADD CONSTRAINT auth_user_groups_pkey PRIMARY KEY (id);


--
-- TOC entry 4827 (class 2606 OID 17242)
-- Name: auth_user_groups auth_user_groups_user_id_group_id_94350c0c_uniq; Type: CONSTRAINT; Schema: public; Owner: postgres
--

ALTER TABLE ONLY public.auth_user_groups
    ADD CONSTRAINT auth_user_groups_user_id_group_id_94350c0c_uniq UNIQUE (user_id, group_id);


--
-- TOC entry 4818 (class 2606 OID 17202)
-- Name: auth_user auth_user_pkey; Type: CONSTRAINT; Schema: public; Owner: postgres
--

ALTER TABLE ONLY public.auth_user
    ADD CONSTRAINT auth_user_pkey PRIMARY KEY (id);


--
-- TOC entry 4830 (class 2606 OID 17216)
-- Name: auth_user_user_permissions auth_user_user_permissions_pkey; Type: CONSTRAINT; Schema: public; Owner: postgres
--

ALTER TABLE ONLY public.auth_user_user_permissions
    ADD CONSTRAINT auth_user_user_permissions_pkey PRIMARY KEY (id);


--
-- TOC entry 4833 (class 2606 OID 17256)
-- Name: auth_user_user_permissions auth_user_user_permissions_user_id_permission_id_14a6b632_uniq; Type: CONSTRAINT; Schema: public; Owner: postgres
--

ALTER TABLE ONLY public.auth_user_user_permissions
    ADD CONSTRAINT auth_user_user_permissions_user_id_permission_id_14a6b632_uniq UNIQUE (user_id, permission_id);


--
-- TOC entry 4821 (class 2606 OID 17291)
-- Name: auth_user auth_user_username_key; Type: CONSTRAINT; Schema: public; Owner: postgres
--

ALTER TABLE ONLY public.auth_user
    ADD CONSTRAINT auth_user_username_key UNIQUE (username);


--
-- TOC entry 4836 (class 2606 OID 17277)
-- Name: django_admin_log django_admin_log_pkey; Type: CONSTRAINT; Schema: public; Owner: postgres
--

ALTER TABLE ONLY public.django_admin_log
    ADD CONSTRAINT django_admin_log_pkey PRIMARY KEY (id);


--
-- TOC entry 4798 (class 2606 OID 17176)
-- Name: django_content_type django_content_type_app_label_model_76bd3d3b_uniq; Type: CONSTRAINT; Schema: public; Owner: postgres
--

ALTER TABLE ONLY public.django_content_type
    ADD CONSTRAINT django_content_type_app_label_model_76bd3d3b_uniq UNIQUE (app_label, model);


--
-- TOC entry 4800 (class 2606 OID 17174)
-- Name: django_content_type django_content_type_pkey; Type: CONSTRAINT; Schema: public; Owner: postgres
--

ALTER TABLE ONLY public.django_content_type
    ADD CONSTRAINT django_content_type_pkey PRIMARY KEY (id);


--
-- TOC entry 4796 (class 2606 OID 17168)
-- Name: django_migrations django_migrations_pkey; Type: CONSTRAINT; Schema: public; Owner: postgres
--

ALTER TABLE ONLY public.django_migrations
    ADD CONSTRAINT django_migrations_pkey PRIMARY KEY (id);


--
-- TOC entry 4840 (class 2606 OID 17304)
-- Name: django_session django_session_pkey; Type: CONSTRAINT; Schema: public; Owner: postgres
--

ALTER TABLE ONLY public.django_session
    ADD CONSTRAINT django_session_pkey PRIMARY KEY (session_key);


--
-- TOC entry 4867 (class 1259 OID 17438)
-- Name: app_setup_pecas_peca_id_07af3331; Type: INDEX; Schema: public; Owner: postgres
--

CREATE INDEX app_setup_pecas_peca_id_07af3331 ON public.app_setup_pecas USING btree (peca_id);


--
-- TOC entry 4870 (class 1259 OID 17437)
-- Name: app_setup_pecas_setup_id_699109f4; Type: INDEX; Schema: public; Owner: postgres
--

CREATE INDEX app_setup_pecas_setup_id_699109f4 ON public.app_setup_pecas USING btree (setup_id);


--
-- TOC entry 4866 (class 1259 OID 17446)
-- Name: app_setup_user_id_af161966; Type: INDEX; Schema: public; Owner: postgres
--

CREATE INDEX app_setup_user_id_af161966 ON public.app_setup USING btree (user_id);


--
-- TOC entry 4806 (class 1259 OID 17297)
-- Name: auth_group_name_a6ea08ec_like; Type: INDEX; Schema: public; Owner: postgres
--

CREATE INDEX auth_group_name_a6ea08ec_like ON public.auth_group USING btree (name varchar_pattern_ops);


--
-- TOC entry 4811 (class 1259 OID 17238)
-- Name: auth_group_permissions_group_id_b120cbf9; Type: INDEX; Schema: public; Owner: postgres
--

CREATE INDEX auth_group_permissions_group_id_b120cbf9 ON public.auth_group_permissions USING btree (group_id);


--
-- TOC entry 4814 (class 1259 OID 17239)
-- Name: auth_group_permissions_permission_id_84c5c92e; Type: INDEX; Schema: public; Owner: postgres
--

CREATE INDEX auth_group_permissions_permission_id_84c5c92e ON public.auth_group_permissions USING btree (permission_id);


--
-- TOC entry 4801 (class 1259 OID 17224)
-- Name: auth_permission_content_type_id_2f476e4b; Type: INDEX; Schema: public; Owner: postgres
--

CREATE INDEX auth_permission_content_type_id_2f476e4b ON public.auth_permission USING btree (content_type_id);


--
-- TOC entry 4822 (class 1259 OID 17254)
-- Name: auth_user_groups_group_id_97559544; Type: INDEX; Schema: public; Owner: postgres
--

CREATE INDEX auth_user_groups_group_id_97559544 ON public.auth_user_groups USING btree (group_id);


--
-- TOC entry 4825 (class 1259 OID 17253)
-- Name: auth_user_groups_user_id_6a12ed8b; Type: INDEX; Schema: public; Owner: postgres
--

CREATE INDEX auth_user_groups_user_id_6a12ed8b ON public.auth_user_groups USING btree (user_id);


--
-- TOC entry 4828 (class 1259 OID 17268)
-- Name: auth_user_user_permissions_permission_id_1fbb5f2c; Type: INDEX; Schema: public; Owner: postgres
--

CREATE INDEX auth_user_user_permissions_permission_id_1fbb5f2c ON public.auth_user_user_permissions USING btree (permission_id);


--
-- TOC entry 4831 (class 1259 OID 17267)
-- Name: auth_user_user_permissions_user_id_a95ead1b; Type: INDEX; Schema: public; Owner: postgres
--

CREATE INDEX auth_user_user_permissions_user_id_a95ead1b ON public.auth_user_user_permissions USING btree (user_id);


--
-- TOC entry 4819 (class 1259 OID 17292)
-- Name: auth_user_username_6821ab7c_like; Type: INDEX; Schema: public; Owner: postgres
--

CREATE INDEX auth_user_username_6821ab7c_like ON public.auth_user USING btree (username varchar_pattern_ops);


--
-- TOC entry 4834 (class 1259 OID 17288)
-- Name: django_admin_log_content_type_id_c4bce8eb; Type: INDEX; Schema: public; Owner: postgres
--

CREATE INDEX django_admin_log_content_type_id_c4bce8eb ON public.django_admin_log USING btree (content_type_id);


--
-- TOC entry 4837 (class 1259 OID 17289)
-- Name: django_admin_log_user_id_c564eba6; Type: INDEX; Schema: public; Owner: postgres
--

CREATE INDEX django_admin_log_user_id_c564eba6 ON public.django_admin_log USING btree (user_id);


--
-- TOC entry 4838 (class 1259 OID 17306)
-- Name: django_session_expire_date_a5c62663; Type: INDEX; Schema: public; Owner: postgres
--

CREATE INDEX django_session_expire_date_a5c62663 ON public.django_session USING btree (expire_date);


--
-- TOC entry 4841 (class 1259 OID 17305)
-- Name: django_session_session_key_c0390e0f_like; Type: INDEX; Schema: public; Owner: postgres
--

CREATE INDEX django_session_session_key_c0390e0f_like ON public.django_session USING btree (session_key varchar_pattern_ops);


--
-- TOC entry 4882 (class 2606 OID 17375)
-- Name: app_cooler app_cooler_peca_ptr_id_7f6821c0_fk_app_peca_id; Type: FK CONSTRAINT; Schema: public; Owner: postgres
--

ALTER TABLE ONLY public.app_cooler
    ADD CONSTRAINT app_cooler_peca_ptr_id_7f6821c0_fk_app_peca_id FOREIGN KEY (peca_ptr_id) REFERENCES public.app_peca(id) DEFERRABLE INITIALLY DEFERRED;


--
-- TOC entry 4883 (class 2606 OID 17380)
-- Name: app_cpu app_cpu_peca_ptr_id_38b8395d_fk_app_peca_id; Type: FK CONSTRAINT; Schema: public; Owner: postgres
--

ALTER TABLE ONLY public.app_cpu
    ADD CONSTRAINT app_cpu_peca_ptr_id_38b8395d_fk_app_peca_id FOREIGN KEY (peca_ptr_id) REFERENCES public.app_peca(id) DEFERRABLE INITIALLY DEFERRED;


--
-- TOC entry 4884 (class 2606 OID 17385)
-- Name: app_fontealimentacao app_fontealimentacao_peca_ptr_id_320b345f_fk_app_peca_id; Type: FK CONSTRAINT; Schema: public; Owner: postgres
--

ALTER TABLE ONLY public.app_fontealimentacao
    ADD CONSTRAINT app_fontealimentacao_peca_ptr_id_320b345f_fk_app_peca_id FOREIGN KEY (peca_ptr_id) REFERENCES public.app_peca(id) DEFERRABLE INITIALLY DEFERRED;


--
-- TOC entry 4885 (class 2606 OID 17390)
-- Name: app_gabinete app_gabinete_peca_ptr_id_77c6c59f_fk_app_peca_id; Type: FK CONSTRAINT; Schema: public; Owner: postgres
--

ALTER TABLE ONLY public.app_gabinete
    ADD CONSTRAINT app_gabinete_peca_ptr_id_77c6c59f_fk_app_peca_id FOREIGN KEY (peca_ptr_id) REFERENCES public.app_peca(id) DEFERRABLE INITIALLY DEFERRED;


--
-- TOC entry 4886 (class 2606 OID 17395)
-- Name: app_gpu app_gpu_peca_ptr_id_b23201d3_fk_app_peca_id; Type: FK CONSTRAINT; Schema: public; Owner: postgres
--

ALTER TABLE ONLY public.app_gpu
    ADD CONSTRAINT app_gpu_peca_ptr_id_b23201d3_fk_app_peca_id FOREIGN KEY (peca_ptr_id) REFERENCES public.app_peca(id) DEFERRABLE INITIALLY DEFERRED;


--
-- TOC entry 4887 (class 2606 OID 17400)
-- Name: app_hd app_hd_peca_ptr_id_64c7ca81_fk_app_peca_id; Type: FK CONSTRAINT; Schema: public; Owner: postgres
--

ALTER TABLE ONLY public.app_hd
    ADD CONSTRAINT app_hd_peca_ptr_id_64c7ca81_fk_app_peca_id FOREIGN KEY (peca_ptr_id) REFERENCES public.app_peca(id) DEFERRABLE INITIALLY DEFERRED;


--
-- TOC entry 4888 (class 2606 OID 17405)
-- Name: app_placamae app_placamae_peca_ptr_id_ccd53850_fk_app_peca_id; Type: FK CONSTRAINT; Schema: public; Owner: postgres
--

ALTER TABLE ONLY public.app_placamae
    ADD CONSTRAINT app_placamae_peca_ptr_id_ccd53850_fk_app_peca_id FOREIGN KEY (peca_ptr_id) REFERENCES public.app_peca(id) DEFERRABLE INITIALLY DEFERRED;


--
-- TOC entry 4889 (class 2606 OID 17410)
-- Name: app_ram app_ram_peca_ptr_id_ab828c9b_fk_app_peca_id; Type: FK CONSTRAINT; Schema: public; Owner: postgres
--

ALTER TABLE ONLY public.app_ram
    ADD CONSTRAINT app_ram_peca_ptr_id_ab828c9b_fk_app_peca_id FOREIGN KEY (peca_ptr_id) REFERENCES public.app_peca(id) DEFERRABLE INITIALLY DEFERRED;


--
-- TOC entry 4893 (class 2606 OID 17432)
-- Name: app_setup_pecas app_setup_pecas_peca_id_07af3331_fk_app_peca_id; Type: FK CONSTRAINT; Schema: public; Owner: postgres
--

ALTER TABLE ONLY public.app_setup_pecas
    ADD CONSTRAINT app_setup_pecas_peca_id_07af3331_fk_app_peca_id FOREIGN KEY (peca_id) REFERENCES public.app_peca(id) DEFERRABLE INITIALLY DEFERRED;


--
-- TOC entry 4894 (class 2606 OID 17427)
-- Name: app_setup_pecas app_setup_pecas_setup_id_699109f4_fk_app_setup_id; Type: FK CONSTRAINT; Schema: public; Owner: postgres
--

ALTER TABLE ONLY public.app_setup_pecas
    ADD CONSTRAINT app_setup_pecas_setup_id_699109f4_fk_app_setup_id FOREIGN KEY (setup_id) REFERENCES public.app_setup(id) DEFERRABLE INITIALLY DEFERRED;


--
-- TOC entry 4892 (class 2606 OID 17447)
-- Name: app_setup app_setup_user_id_af161966_fk_auth_user_id; Type: FK CONSTRAINT; Schema: public; Owner: postgres
--

ALTER TABLE ONLY public.app_setup
    ADD CONSTRAINT app_setup_user_id_af161966_fk_auth_user_id FOREIGN KEY (user_id) REFERENCES public.auth_user(id) DEFERRABLE INITIALLY DEFERRED;


--
-- TOC entry 4890 (class 2606 OID 17415)
-- Name: app_ssd app_ssd_peca_ptr_id_dfc156b6_fk_app_peca_id; Type: FK CONSTRAINT; Schema: public; Owner: postgres
--

ALTER TABLE ONLY public.app_ssd
    ADD CONSTRAINT app_ssd_peca_ptr_id_dfc156b6_fk_app_peca_id FOREIGN KEY (peca_ptr_id) REFERENCES public.app_peca(id) DEFERRABLE INITIALLY DEFERRED;


--
-- TOC entry 4891 (class 2606 OID 17420)
-- Name: app_ventoinha app_ventoinha_peca_ptr_id_89f13777_fk_app_peca_id; Type: FK CONSTRAINT; Schema: public; Owner: postgres
--

ALTER TABLE ONLY public.app_ventoinha
    ADD CONSTRAINT app_ventoinha_peca_ptr_id_89f13777_fk_app_peca_id FOREIGN KEY (peca_ptr_id) REFERENCES public.app_peca(id) DEFERRABLE INITIALLY DEFERRED;


--
-- TOC entry 4874 (class 2606 OID 17233)
-- Name: auth_group_permissions auth_group_permissio_permission_id_84c5c92e_fk_auth_perm; Type: FK CONSTRAINT; Schema: public; Owner: postgres
--

ALTER TABLE ONLY public.auth_group_permissions
    ADD CONSTRAINT auth_group_permissio_permission_id_84c5c92e_fk_auth_perm FOREIGN KEY (permission_id) REFERENCES public.auth_permission(id) DEFERRABLE INITIALLY DEFERRED;


--
-- TOC entry 4875 (class 2606 OID 17228)
-- Name: auth_group_permissions auth_group_permissions_group_id_b120cbf9_fk_auth_group_id; Type: FK CONSTRAINT; Schema: public; Owner: postgres
--

ALTER TABLE ONLY public.auth_group_permissions
    ADD CONSTRAINT auth_group_permissions_group_id_b120cbf9_fk_auth_group_id FOREIGN KEY (group_id) REFERENCES public.auth_group(id) DEFERRABLE INITIALLY DEFERRED;


--
-- TOC entry 4873 (class 2606 OID 17219)
-- Name: auth_permission auth_permission_content_type_id_2f476e4b_fk_django_co; Type: FK CONSTRAINT; Schema: public; Owner: postgres
--

ALTER TABLE ONLY public.auth_permission
    ADD CONSTRAINT auth_permission_content_type_id_2f476e4b_fk_django_co FOREIGN KEY (content_type_id) REFERENCES public.django_content_type(id) DEFERRABLE INITIALLY DEFERRED;


--
-- TOC entry 4876 (class 2606 OID 17248)
-- Name: auth_user_groups auth_user_groups_group_id_97559544_fk_auth_group_id; Type: FK CONSTRAINT; Schema: public; Owner: postgres
--

ALTER TABLE ONLY public.auth_user_groups
    ADD CONSTRAINT auth_user_groups_group_id_97559544_fk_auth_group_id FOREIGN KEY (group_id) REFERENCES public.auth_group(id) DEFERRABLE INITIALLY DEFERRED;


--
-- TOC entry 4877 (class 2606 OID 17243)
-- Name: auth_user_groups auth_user_groups_user_id_6a12ed8b_fk_auth_user_id; Type: FK CONSTRAINT; Schema: public; Owner: postgres
--

ALTER TABLE ONLY public.auth_user_groups
    ADD CONSTRAINT auth_user_groups_user_id_6a12ed8b_fk_auth_user_id FOREIGN KEY (user_id) REFERENCES public.auth_user(id) DEFERRABLE INITIALLY DEFERRED;


--
-- TOC entry 4878 (class 2606 OID 17262)
-- Name: auth_user_user_permissions auth_user_user_permi_permission_id_1fbb5f2c_fk_auth_perm; Type: FK CONSTRAINT; Schema: public; Owner: postgres
--

ALTER TABLE ONLY public.auth_user_user_permissions
    ADD CONSTRAINT auth_user_user_permi_permission_id_1fbb5f2c_fk_auth_perm FOREIGN KEY (permission_id) REFERENCES public.auth_permission(id) DEFERRABLE INITIALLY DEFERRED;


--
-- TOC entry 4879 (class 2606 OID 17257)
-- Name: auth_user_user_permissions auth_user_user_permissions_user_id_a95ead1b_fk_auth_user_id; Type: FK CONSTRAINT; Schema: public; Owner: postgres
--

ALTER TABLE ONLY public.auth_user_user_permissions
    ADD CONSTRAINT auth_user_user_permissions_user_id_a95ead1b_fk_auth_user_id FOREIGN KEY (user_id) REFERENCES public.auth_user(id) DEFERRABLE INITIALLY DEFERRED;


--
-- TOC entry 4880 (class 2606 OID 17278)
-- Name: django_admin_log django_admin_log_content_type_id_c4bce8eb_fk_django_co; Type: FK CONSTRAINT; Schema: public; Owner: postgres
--

ALTER TABLE ONLY public.django_admin_log
    ADD CONSTRAINT django_admin_log_content_type_id_c4bce8eb_fk_django_co FOREIGN KEY (content_type_id) REFERENCES public.django_content_type(id) DEFERRABLE INITIALLY DEFERRED;


--
-- TOC entry 4881 (class 2606 OID 17283)
-- Name: django_admin_log django_admin_log_user_id_c564eba6_fk_auth_user_id; Type: FK CONSTRAINT; Schema: public; Owner: postgres
--

ALTER TABLE ONLY public.django_admin_log
    ADD CONSTRAINT django_admin_log_user_id_c564eba6_fk_auth_user_id FOREIGN KEY (user_id) REFERENCES public.auth_user(id) DEFERRABLE INITIALLY DEFERRED;


-- Completed on 2024-12-15 15:19:30

--
-- PostgreSQL database dump complete
--

